timestamp_utc,run_id,gpu,pwr_w,gtemp_c,mtemp_c,sm_pct,mem_pct,enc_pct,dec_pct,jpg_pct,ofa_pct,mclk_mhz,pclk_mhz,fb_mb,bar1_mb,ccpm_mb,rxpci_mbps,txpci_mbps
2026-04-27T21:53:31.526756+00:00,medium_gpu_2_final_chatbot,0,51,28,26,0,0,0,0,,,1107,1597,30802,6,0,0,0
2026-04-27T21:53:31.772725+00:00,medium_gpu_2_final_chatbot,1,36,23,22,0,0,0,0,,,1107,1245,30784,6,0,0,0
2026-04-27T21:53:32.885807+00:00,medium_gpu_2_final_chatbot,0,35,27,26,0,0,0,0,,,1107,1245,30802,6,0,0,0
2026-04-27T21:53:32.969884+00:00,medium_gpu_2_final_chatbot,1,36,23,23,0,0,0,0,,,1107,1245,30784,6,0,0,0
2026-04-27T21:53:34.240835+00:00,medium_gpu_2_final_chatbot,0,35,27,26,0,0,0,0,,,1107,1245,30802,6,0,0,0
2026-04-27T21:53:34.485828+00:00,medium_gpu_2_final_chatbot,1,36,23,22,0,0,0,0,,,1107,1245,30784,6,0,0,0
2026-04-27T21:53:35.716540+00:00,medium_gpu_2_final_chatbot,0,35,27,25,0,0,0,0,,,1107,1245,30802,6,0,0,0
2026-04-27T21:53:35.964037+00:00,medium_gpu_2_final_chatbot,1,36,23,22,0,0,0,0,,,1107,1245,30784,6,0,0,0
2026-04-27T21:53:37.054132+00:00,medium_gpu_2_final_chatbot,0,35,26,25,0,0,0,0,,,1107,1245,30802,6,0,0,0
2026-04-27T21:53:37.299105+00:00,medium_gpu_2_final_chatbot,1,36,23,22,0,0,0,0,,,1107,1245,30784,6,0,0,0
2026-04-27T21:53:38.388987+00:00,medium_gpu_2_final_chatbot,0,35,26,25,0,0,0,0,,,1107,1245,30802,6,0,0,0
2026-04-27T21:53:38.452942+00:00,medium_gpu_2_final_chatbot,1,36,23,23,0,0,0,0,,,1107,1245,30784,6,0,0,0
2026-04-27T21:53:39.562932+00:00,medium_gpu_2_final_chatbot,0,35,26,25,0,0,0,0,,,1107,1245,30802,6,0,0,0
2026-04-27T21:53:39.768533+00:00,medium_gpu_2_final_chatbot,1,36,23,22,0,0,0,0,,,1107,1245,30784,6,0,0,0
2026-04-27T21:53:40.826417+00:00,medium_gpu_2_final_chatbot,0,109,28,31,91,51,0,0,,,1107,1372,30926,6,0,88,68
2026-04-27T21:53:40.872791+00:00,medium_gpu_2_final_chatbot,1,143,25,28,87,59,0,0,,,1107,1515,30904,6,0,83,76
2026-04-27T21:53:41.923257+00:00,medium_gpu_2_final_chatbot,0,158,32,34,90,59,0,0,,,1107,1597,30926,6,0,105,66
2026-04-27T21:53:41.968688+00:00,medium_gpu_2_final_chatbot,1,167,28,32,88,59,0,0,,,1107,1597,30904,6,0,80,79
2026-04-27T21:53:43.018490+00:00,medium_gpu_2_final_chatbot,0,159,33,35,90,59,0,0,,,1107,1597,30926,6,0,100,62
2026-04-27T21:53:43.062320+00:00,medium_gpu_2_final_chatbot,1,166,29,32,88,59,0,0,,,1107,1597,30904,6,0,87,80
2026-04-27T21:53:44.112017+00:00,medium_gpu_2_final_chatbot,0,159,33,36,90,59,0,0,,,1107,1597,30926,6,0,98,64
2026-04-27T21:53:44.156615+00:00,medium_gpu_2_final_chatbot,1,166,30,33,88,59,0,0,,,1107,1597,30904,6,0,81,78
2026-04-27T21:53:45.206323+00:00,medium_gpu_2_final_chatbot,0,160,34,36,90,59,0,0,,,1107,1597,30926,6,0,100,71
2026-04-27T21:53:45.250143+00:00,medium_gpu_2_final_chatbot,1,166,31,33,88,59,0,0,,,1107,1597,30904,6,0,80,80
2026-04-27T21:53:46.305244+00:00,medium_gpu_2_final_chatbot,0,165,34,37,90,59,0,0,,,1107,1597,30926,6,0,97,72
2026-04-27T21:53:46.349053+00:00,medium_gpu_2_final_chatbot,1,171,31,34,88,59,0,0,,,1107,1597,30904,6,0,88,78
2026-04-27T21:53:47.399251+00:00,medium_gpu_2_final_chatbot,0,158,35,37,90,59,0,0,,,1107,1597,30926,6,0,98,65
2026-04-27T21:53:47.443063+00:00,medium_gpu_2_final_chatbot,1,161,31,34,89,60,0,0,,,1107,1597,30904,6,0,87,79
2026-04-27T21:53:48.493242+00:00,medium_gpu_2_final_chatbot,0,158,35,38,90,59,0,0,,,1107,1597,30926,6,0,98,64
2026-04-27T21:53:48.537123+00:00,medium_gpu_2_final_chatbot,1,158,32,35,89,60,0,0,,,1107,1597,30904,6,0,89,78
2026-04-27T21:53:49.586960+00:00,medium_gpu_2_final_chatbot,0,158,35,38,91,60,0,0,,,1107,1597,30926,6,0,97,64
2026-04-27T21:53:49.630827+00:00,medium_gpu_2_final_chatbot,1,164,32,36,89,60,0,0,,,1107,1597,30904,6,0,89,79
2026-04-27T21:53:50.680472+00:00,medium_gpu_2_final_chatbot,0,161,36,38,90,59,0,0,,,1107,1597,30926,6,0,100,63
2026-04-27T21:53:50.724368+00:00,medium_gpu_2_final_chatbot,1,166,32,36,88,59,0,0,,,1107,1597,30904,6,0,87,80
2026-04-27T21:53:51.775140+00:00,medium_gpu_2_final_chatbot,0,163,36,38,90,59,0,0,,,1107,1597,30926,6,0,102,69
2026-04-27T21:53:51.818956+00:00,medium_gpu_2_final_chatbot,1,169,33,36,88,59,0,0,,,1107,1597,30904,6,0,80,79
2026-04-27T21:53:52.868731+00:00,medium_gpu_2_final_chatbot,0,166,36,38,90,59,0,0,,,1107,1597,30926,6,0,100,72
2026-04-27T21:53:52.912796+00:00,medium_gpu_2_final_chatbot,1,171,33,37,88,59,0,0,,,1107,1597,30904,6,0,79,80
2026-04-27T21:53:53.965186+00:00,medium_gpu_2_final_chatbot,0,167,37,39,90,59,0,0,,,1107,1597,30926,6,0,99,72
2026-04-27T21:53:54.009027+00:00,medium_gpu_2_final_chatbot,1,173,33,36,88,60,0,0,,,1107,1597,30904,6,0,84,79
2026-04-27T21:53:55.058734+00:00,medium_gpu_2_final_chatbot,0,169,37,39,91,60,0,0,,,1107,1597,30926,6,0,97,72
2026-04-27T21:53:55.104777+00:00,medium_gpu_2_final_chatbot,1,160,34,37,88,60,0,0,,,1107,1597,30904,6,0,88,79
2026-04-27T21:53:56.156851+00:00,medium_gpu_2_final_chatbot,0,157,38,38,98,23,0,0,,,1107,1552,31860,6,0,484,490
2026-04-27T21:53:56.205758+00:00,medium_gpu_2_final_chatbot,1,151,35,36,87,51,0,0,,,1107,1597,31838,6,0,411,467
2026-04-27T21:53:57.255426+00:00,medium_gpu_2_final_chatbot,0,166,38,39,90,50,0,0,,,1107,1597,31860,6,0,508,433
2026-04-27T21:53:57.299985+00:00,medium_gpu_2_final_chatbot,1,161,34,37,87,49,0,0,,,1107,1597,31838,6,0,464,504
2026-04-27T21:53:58.349709+00:00,medium_gpu_2_final_chatbot,0,162,37,38,90,50,0,0,,,1107,1597,31860,6,0,526,394
2026-04-27T21:53:58.393537+00:00,medium_gpu_2_final_chatbot,1,157,35,37,88,50,0,0,,,1107,1597,31838,6,0,458,506
2026-04-27T21:53:59.443336+00:00,medium_gpu_2_final_chatbot,0,154,38,39,89,50,0,0,,,1107,1597,31860,6,0,527,432
2026-04-27T21:53:59.487237+00:00,medium_gpu_2_final_chatbot,1,166,35,37,87,49,0,0,,,1107,1597,31838,6,0,458,501
2026-04-27T21:54:00.537591+00:00,medium_gpu_2_final_chatbot,0,160,38,39,90,50,0,0,,,1107,1597,31860,6,0,528,402
2026-04-27T21:54:00.581411+00:00,medium_gpu_2_final_chatbot,1,162,35,38,86,49,0,0,,,1107,1597,31838,6,0,466,497
2026-04-27T21:54:01.631131+00:00,medium_gpu_2_final_chatbot,0,157,38,40,89,50,0,0,,,1107,1597,31860,6,0,520,439
2026-04-27T21:54:01.675735+00:00,medium_gpu_2_final_chatbot,1,166,35,37,88,50,0,0,,,1107,1597,31838,6,0,459,512
2026-04-27T21:54:02.725515+00:00,medium_gpu_2_final_chatbot,0,164,38,39,89,50,0,0,,,1107,1597,31860,6,0,533,420
2026-04-27T21:54:02.769388+00:00,medium_gpu_2_final_chatbot,1,169,36,38,87,49,0,0,,,1107,1597,31838,6,0,459,500
2026-04-27T21:54:03.819092+00:00,medium_gpu_2_final_chatbot,0,169,39,40,89,50,0,0,,,1107,1597,31860,6,0,496,432
2026-04-27T21:54:03.862959+00:00,medium_gpu_2_final_chatbot,1,162,36,38,88,50,0,0,,,1107,1597,31838,6,0,452,499
2026-04-27T21:54:04.912678+00:00,medium_gpu_2_final_chatbot,0,155,39,40,90,50,0,0,,,1107,1597,31860,6,0,529,426
2026-04-27T21:54:04.956567+00:00,medium_gpu_2_final_chatbot,1,167,36,38,86,49,0,0,,,1107,1597,31838,6,0,461,486
2026-04-27T21:54:06.006846+00:00,medium_gpu_2_final_chatbot,0,160,39,40,89,50,0,0,,,1107,1597,31860,6,0,527,433
2026-04-27T21:54:06.050775+00:00,medium_gpu_2_final_chatbot,1,174,36,39,87,50,0,0,,,1107,1597,31838,6,0,400,492
2026-04-27T21:54:07.100512+00:00,medium_gpu_2_final_chatbot,0,165,39,40,90,50,0,0,,,1107,1597,31860,6,0,528,427
2026-04-27T21:54:07.145100+00:00,medium_gpu_2_final_chatbot,1,176,36,39,88,50,0,0,,,1107,1597,31838,6,0,459,492
2026-04-27T21:54:08.194793+00:00,medium_gpu_2_final_chatbot,0,162,39,41,90,50,0,0,,,1107,1597,31860,6,0,527,420
2026-04-27T21:54:08.238774+00:00,medium_gpu_2_final_chatbot,1,174,37,39,86,49,0,0,,,1107,1597,31838,6,0,399,486
2026-04-27T21:54:09.288620+00:00,medium_gpu_2_final_chatbot,0,165,39,41,89,50,0,0,,,1107,1597,31860,6,0,519,425
2026-04-27T21:54:09.332480+00:00,medium_gpu_2_final_chatbot,1,167,37,39,88,50,0,0,,,1107,1597,31838,6,0,451,493
2026-04-27T21:54:10.382169+00:00,medium_gpu_2_final_chatbot,0,164,40,41,90,50,0,0,,,1107,1597,31860,6,0,520,419
2026-04-27T21:54:10.426309+00:00,medium_gpu_2_final_chatbot,1,175,37,39,88,50,0,0,,,1107,1597,31838,6,0,401,492
2026-04-27T21:54:11.476523+00:00,medium_gpu_2_final_chatbot,0,166,40,41,89,49,0,0,,,1107,1597,31860,6,0,515,413
2026-04-27T21:54:11.520421+00:00,medium_gpu_2_final_chatbot,1,175,37,39,88,50,0,0,,,1107,1597,31838,6,0,446,491
2026-04-27T21:54:12.570129+00:00,medium_gpu_2_final_chatbot,0,158,40,42,89,49,0,0,,,1107,1597,31860,6,0,513,413
2026-04-27T21:54:12.614640+00:00,medium_gpu_2_final_chatbot,1,171,37,39,88,49,0,0,,,1107,1597,31838,6,0,438,515
2026-04-27T21:54:13.664378+00:00,medium_gpu_2_final_chatbot,0,164,40,41,89,49,0,0,,,1107,1597,31860,6,0,507,414
2026-04-27T21:54:13.708322+00:00,medium_gpu_2_final_chatbot,1,175,37,40,88,49,0,0,,,1107,1597,31838,6,0,399,459
2026-04-27T21:54:14.762723+00:00,medium_gpu_2_final_chatbot,0,257,43,38,100,20,0,0,,,1107,1410,32036,6,0,5145,4913
2026-04-27T21:54:14.810507+00:00,medium_gpu_2_final_chatbot,1,241,40,38,100,21,0,0,,,1107,1462,32014,6,0,7164,3657
2026-04-27T21:54:15.860169+00:00,medium_gpu_2_final_chatbot,0,153,41,42,89,50,0,0,,,1107,1597,32036,6,0,527,439
2026-04-27T21:54:15.904063+00:00,medium_gpu_2_final_chatbot,1,165,38,39,87,50,0,0,,,1107,1597,32014,6,0,465,499
2026-04-27T21:54:16.953779+00:00,medium_gpu_2_final_chatbot,0,166,41,42,90,50,0,0,,,1107,1597,32036,6,0,564,389
2026-04-27T21:54:17.000107+00:00,medium_gpu_2_final_chatbot,1,162,38,40,88,50,0,0,,,1107,1597,32014,6,0,459,500
2026-04-27T21:54:18.050436+00:00,medium_gpu_2_final_chatbot,0,160,41,43,90,50,0,0,,,1107,1597,32036,6,0,527,437
2026-04-27T21:54:18.094357+00:00,medium_gpu_2_final_chatbot,1,172,38,40,88,50,0,0,,,1107,1597,32014,6,0,422,493
2026-04-27T21:54:19.144006+00:00,medium_gpu_2_final_chatbot,0,169,41,43,90,50,0,0,,,1107,1597,32036,6,0,495,432
2026-04-27T21:54:19.187885+00:00,medium_gpu_2_final_chatbot,1,163,38,40,88,50,0,0,,,1107,1597,32014,6,0,451,505
2026-04-27T21:54:20.239382+00:00,medium_gpu_2_final_chatbot,0,158,41,42,89,50,0,0,,,1107,1597,32036,6,0,521,438
2026-04-27T21:54:20.283968+00:00,medium_gpu_2_final_chatbot,1,171,38,41,88,50,0,0,,,1107,1597,32014,6,0,397,479
2026-04-27T21:54:21.333806+00:00,medium_gpu_2_final_chatbot,0,168,41,43,90,50,0,0,,,1107,1597,32036,6,0,552,380
2026-04-27T21:54:21.379270+00:00,medium_gpu_2_final_chatbot,1,159,38,41,88,50,0,0,,,1107,1597,32014,6,0,458,499
2026-04-27T21:54:22.430246+00:00,medium_gpu_2_final_chatbot,0,155,41,44,90,51,0,0,,,1107,1597,32036,6,0,526,433
2026-04-27T21:54:22.474142+00:00,medium_gpu_2_final_chatbot,1,172,39,41,87,50,0,0,,,1107,1597,32014,6,0,445,509
2026-04-27T21:54:23.525271+00:00,medium_gpu_2_final_chatbot,0,163,41,42,90,50,0,0,,,1107,1597,32036,6,0,521,433
2026-04-27T21:54:23.569772+00:00,medium_gpu_2_final_chatbot,1,175,39,41,88,50,0,0,,,1107,1597,32014,6,0,442,497
2026-04-27T21:54:24.619625+00:00,medium_gpu_2_final_chatbot,0,167,41,43,89,50,0,0,,,1107,1597,32036,6,0,521,407
2026-04-27T21:54:24.663497+00:00,medium_gpu_2_final_chatbot,1,167,39,41,88,50,0,0,,,1107,1597,32014,6,0,452,498
2026-04-27T21:54:25.713218+00:00,medium_gpu_2_final_chatbot,0,165,42,43,90,50,0,0,,,1107,1597,32036,6,0,520,430
2026-04-27T21:54:25.757141+00:00,medium_gpu_2_final_chatbot,1,178,39,42,88,50,0,0,,,1107,1597,32014,6,0,453,498
2026-04-27T21:54:26.807645+00:00,medium_gpu_2_final_chatbot,0,166,42,43,89,50,0,0,,,1107,1597,32036,6,0,519,426
2026-04-27T21:54:26.851494+00:00,medium_gpu_2_final_chatbot,1,178,39,41,87,50,0,0,,,1107,1597,32014,6,0,446,498
2026-04-27T21:54:27.901235+00:00,medium_gpu_2_final_chatbot,0,161,42,44,90,50,0,0,,,1107,1597,32036,6,0,513,426
2026-04-27T21:54:27.945086+00:00,medium_gpu_2_final_chatbot,1,174,39,41,88,50,0,0,,,1107,1597,32014,6,0,432,507
2026-04-27T21:54:28.996299+00:00,medium_gpu_2_final_chatbot,0,171,42,44,90,50,0,0,,,1107,1597,32036,6,0,536,402
2026-04-27T21:54:29.040637+00:00,medium_gpu_2_final_chatbot,1,162,40,42,88,50,0,0,,,1107,1597,32014,6,0,451,492
2026-04-27T21:54:30.090387+00:00,medium_gpu_2_final_chatbot,0,166,42,44,90,50,0,0,,,1107,1597,32036,6,0,507,408
2026-04-27T21:54:30.134235+00:00,medium_gpu_2_final_chatbot,1,165,40,41,88,50,0,0,,,1107,1597,32014,6,0,439,486
2026-04-27T21:54:31.184049+00:00,medium_gpu_2_final_chatbot,0,171,42,44,90,50,0,0,,,1107,1597,32036,6,0,536,390
2026-04-27T21:54:31.227885+00:00,medium_gpu_2_final_chatbot,1,161,40,42,88,49,0,0,,,1107,1597,32014,6,0,439,479
2026-04-27T21:54:32.278232+00:00,medium_gpu_2_final_chatbot,0,156,42,44,90,50,0,0,,,1107,1597,32036,6,0,506,414
2026-04-27T21:54:32.322117+00:00,medium_gpu_2_final_chatbot,1,171,40,41,88,49,0,0,,,1107,1597,32014,6,0,439,479
2026-04-27T21:54:33.376257+00:00,medium_gpu_2_final_chatbot,0,212,41,41,90,49,0,0,,,1107,1597,32036,6,0,7092,4183
2026-04-27T21:54:33.420019+00:00,medium_gpu_2_final_chatbot,1,246,41,40,75,38,0,0,,,1107,1485,32014,6,0,5774,4317
2026-04-27T21:54:34.469989+00:00,medium_gpu_2_final_chatbot,0,153,43,44,89,50,0,0,,,1107,1597,32036,6,0,527,433
2026-04-27T21:54:34.513893+00:00,medium_gpu_2_final_chatbot,1,167,40,42,87,49,0,0,,,1107,1597,32014,6,0,459,514
2026-04-27T21:54:35.563644+00:00,medium_gpu_2_final_chatbot,0,167,42,44,89,50,0,0,,,1107,1597,32036,6,0,536,427
2026-04-27T21:54:35.609013+00:00,medium_gpu_2_final_chatbot,1,161,40,42,87,49,0,0,,,1107,1597,32014,6,0,458,496
2026-04-27T21:54:36.658758+00:00,medium_gpu_2_final_chatbot,0,164,42,44,89,50,0,0,,,1107,1597,32036,6,0,533,433
2026-04-27T21:54:36.704702+00:00,medium_gpu_2_final_chatbot,1,159,40,42,88,50,0,0,,,1107,1597,32014,6,0,451,506
2026-04-27T21:54:37.755402+00:00,medium_gpu_2_final_chatbot,0,159,42,45,90,50,0,0,,,1107,1597,32036,6,0,527,433
2026-04-27T21:54:37.799257+00:00,medium_gpu_2_final_chatbot,1,167,40,42,87,50,0,0,,,1107,1597,32014,6,0,465,492
2026-04-27T21:54:38.848987+00:00,medium_gpu_2_final_chatbot,0,151,42,45,88,49,0,0,,,1107,1597,32036,6,0,520,432
2026-04-27T21:54:38.893047+00:00,medium_gpu_2_final_chatbot,1,170,40,42,86,49,0,0,,,1107,1597,32014,6,0,466,515
2026-04-27T21:54:39.942697+00:00,medium_gpu_2_final_chatbot,0,154,43,45,88,50,0,0,,,1107,1597,32036,6,0,520,433
2026-04-27T21:54:39.987280+00:00,medium_gpu_2_final_chatbot,1,171,40,43,86,49,0,0,,,1107,1597,32014,6,0,418,447
2026-04-27T21:54:41.037574+00:00,medium_gpu_2_final_chatbot,0,153,43,44,89,50,0,0,,,1107,1597,32036,6,0,520,432
2026-04-27T21:54:41.081440+00:00,medium_gpu_2_final_chatbot,1,172,40,42,87,50,0,0,,,1107,1597,32014,6,0,432,507
2026-04-27T21:54:42.131068+00:00,medium_gpu_2_final_chatbot,0,170,43,44,88,49,0,0,,,1107,1597,32036,6,0,508,426
2026-04-27T21:54:42.175063+00:00,medium_gpu_2_final_chatbot,1,165,41,43,86,49,0,0,,,1107,1597,32014,6,0,452,492
2026-04-27T21:54:43.225500+00:00,medium_gpu_2_final_chatbot,0,159,43,45,89,50,0,0,,,1107,1597,32036,6,0,521,427
2026-04-27T21:54:43.269379+00:00,medium_gpu_2_final_chatbot,1,175,41,43,87,50,0,0,,,1107,1597,32014,6,0,397,441
2026-04-27T21:54:44.319087+00:00,medium_gpu_2_final_chatbot,0,162,43,45,88,50,0,0,,,1107,1597,32036,6,0,519,426
2026-04-27T21:54:44.362891+00:00,medium_gpu_2_final_chatbot,1,178,41,43,87,49,0,0,,,1107,1597,32014,6,0,428,493
2026-04-27T21:54:45.412541+00:00,medium_gpu_2_final_chatbot,0,161,43,44,88,49,0,0,,,1107,1597,32036,6,0,507,426
2026-04-27T21:54:45.457184+00:00,medium_gpu_2_final_chatbot,1,177,41,43,85,48,0,0,,,1107,1597,32014,6,0,434,485
2026-04-27T21:54:46.507637+00:00,medium_gpu_2_final_chatbot,0,155,43,45,87,49,0,0,,,1107,1597,32036,6,0,506,419
2026-04-27T21:54:46.551504+00:00,medium_gpu_2_final_chatbot,1,174,41,43,86,49,0,0,,,1107,1597,32014,6,0,420,507
2026-04-27T21:54:47.601281+00:00,medium_gpu_2_final_chatbot,0,166,43,45,88,49,0,0,,,1107,1597,32036,6,0,487,374
2026-04-27T21:54:47.645104+00:00,medium_gpu_2_final_chatbot,1,158,41,43,86,49,0,0,,,1107,1597,32014,6,0,439,479
2026-04-27T21:54:48.694958+00:00,medium_gpu_2_final_chatbot,0,164,43,44,87,49,0,0,,,1107,1597,32036,6,0,501,402
2026-04-27T21:54:48.738855+00:00,medium_gpu_2_final_chatbot,1,170,41,43,86,49,0,0,,,1107,1597,32014,6,0,431,472
2026-04-27T21:54:49.788459+00:00,medium_gpu_2_final_chatbot,0,153,43,45,88,49,0,0,,,1107,1597,32036,6,0,499,407
2026-04-27T21:54:49.832363+00:00,medium_gpu_2_final_chatbot,1,170,41,43,86,48,0,0,,,1107,1597,32014,6,0,438,479
2026-04-27T21:54:50.882098+00:00,medium_gpu_2_final_chatbot,0,156,43,45,87,48,0,0,,,1107,1597,32036,6,0,493,412
2026-04-27T21:54:50.926437+00:00,medium_gpu_2_final_chatbot,1,172,41,43,86,48,0,0,,,1107,1597,32014,6,0,429,507
2026-04-27T21:54:51.976176+00:00,medium_gpu_2_final_chatbot,0,151,43,44,87,48,0,0,,,1107,1597,32036,6,0,487,407
2026-04-27T21:54:52.020087+00:00,medium_gpu_2_final_chatbot,1,165,41,43,85,48,0,0,,,1107,1597,32014,6,0,425,467
2026-04-27T21:54:53.074737+00:00,medium_gpu_2_final_chatbot,0,135,45,42,100,20,0,0,,,1107,1395,32036,6,0,574,407
2026-04-27T21:54:53.120894+00:00,medium_gpu_2_final_chatbot,1,137,42,42,91,33,0,0,,,1107,1545,32014,6,0,497,499
2026-04-27T21:54:54.170642+00:00,medium_gpu_2_final_chatbot,0,161,43,45,90,50,0,0,,,1107,1597,32036,6,0,526,437
2026-04-27T21:54:54.214611+00:00,medium_gpu_2_final_chatbot,1,174,41,44,87,49,0,0,,,1107,1597,32014,6,0,441,499
2026-04-27T21:54:55.264318+00:00,medium_gpu_2_final_chatbot,0,167,43,45,89,50,0,0,,,1107,1597,32036,6,0,526,434
2026-04-27T21:54:55.308876+00:00,medium_gpu_2_final_chatbot,1,167,41,43,87,49,0,0,,,1107,1597,32014,6,0,458,499
2026-04-27T21:54:56.359201+00:00,medium_gpu_2_final_chatbot,0,166,43,46,89,50,0,0,,,1107,1597,32036,6,0,521,408
2026-04-27T21:54:56.403195+00:00,medium_gpu_2_final_chatbot,1,164,41,44,88,50,0,0,,,1107,1597,32014,6,0,465,492
2026-04-27T21:54:57.452900+00:00,medium_gpu_2_final_chatbot,0,169,43,46,89,50,0,0,,,1107,1597,32036,6,0,534,426
2026-04-27T21:54:57.496751+00:00,medium_gpu_2_final_chatbot,1,166,42,44,87,49,0,0,,,1107,1597,32014,6,0,458,498
2026-04-27T21:54:58.546540+00:00,medium_gpu_2_final_chatbot,0,162,43,46,90,50,0,0,,,1107,1597,32036,6,0,527,434
2026-04-27T21:54:58.590544+00:00,medium_gpu_2_final_chatbot,1,175,42,44,87,49,0,0,,,1107,1597,32014,6,0,404,501
2026-04-27T21:54:59.640279+00:00,medium_gpu_2_final_chatbot,0,170,44,46,89,50,0,0,,,1107,1597,32036,6,0,545,403
2026-04-27T21:54:59.684181+00:00,medium_gpu_2_final_chatbot,1,161,42,44,88,50,0,0,,,1107,1597,32014,6,0,458,498
2026-04-27T21:55:00.738121+00:00,medium_gpu_2_final_chatbot,0,159,44,46,90,51,0,0,,,1107,1597,32036,6,0,520,427
2026-04-27T21:55:00.782010+00:00,medium_gpu_2_final_chatbot,1,175,42,44,88,50,0,0,,,1107,1597,32014,6,0,406,453
2026-04-27T21:55:01.831710+00:00,medium_gpu_2_final_chatbot,0,162,44,45,89,50,0,0,,,1107,1597,32036,6,0,520,433
2026-04-27T21:55:01.876759+00:00,medium_gpu_2_final_chatbot,1,177,42,44,88,50,0,0,,,1107,1597,32014,6,0,414,500
2026-04-27T21:55:02.926722+00:00,medium_gpu_2_final_chatbot,0,167,44,45,89,50,0,0,,,1107,1597,32036,6,0,521,433
2026-04-27T21:55:02.970542+00:00,medium_gpu_2_final_chatbot,1,175,42,44,87,50,0,0,,,1107,1597,32014,6,0,456,498
2026-04-27T21:55:04.020303+00:00,medium_gpu_2_final_chatbot,0,166,44,46,89,50,0,0,,,1107,1597,32036,6,0,521,438
2026-04-27T21:55:04.064114+00:00,medium_gpu_2_final_chatbot,1,178,42,44,88,50,0,0,,,1107,1597,32014,6,0,442,493
2026-04-27T21:55:05.113911+00:00,medium_gpu_2_final_chatbot,0,165,44,45,90,51,0,0,,,1107,1597,32036,6,0,520,426
2026-04-27T21:55:05.157883+00:00,medium_gpu_2_final_chatbot,1,176,42,44,88,50,0,0,,,1107,1597,32014,6,0,398,473
2026-04-27T21:55:06.208240+00:00,medium_gpu_2_final_chatbot,0,167,44,46,89,50,0,0,,,1107,1597,32036,6,0,519,427
2026-04-27T21:55:06.252084+00:00,medium_gpu_2_final_chatbot,1,172,42,44,88,50,0,0,,,1107,1597,32014,6,0,451,493
2026-04-27T21:55:07.301825+00:00,medium_gpu_2_final_chatbot,0,166,44,46,90,50,0,0,,,1107,1597,32036,6,0,520,427
2026-04-27T21:55:07.346684+00:00,medium_gpu_2_final_chatbot,1,178,42,44,88,50,0,0,,,1107,1597,32014,6,0,419,487
2026-04-27T21:55:08.397136+00:00,medium_gpu_2_final_chatbot,0,168,44,46,89,49,0,0,,,1107,1597,32036,6,0,513,414
2026-04-27T21:55:08.440963+00:00,medium_gpu_2_final_chatbot,1,176,42,44,87,49,0,0,,,1107,1597,32014,6,0,435,486
2026-04-27T21:55:09.490603+00:00,medium_gpu_2_final_chatbot,0,158,44,46,88,49,0,0,,,1107,1597,32036,6,0,506,413
2026-04-27T21:55:09.534873+00:00,medium_gpu_2_final_chatbot,1,170,42,44,88,49,0,0,,,1107,1597,32014,6,0,438,480
2026-04-27T21:55:10.584579+00:00,medium_gpu_2_final_chatbot,0,161,44,46,90,49,0,0,,,1107,1597,32036,6,0,500,414
2026-04-27T21:55:10.628454+00:00,medium_gpu_2_final_chatbot,1,174,42,44,87,49,0,0,,,1107,1597,32014,6,0,438,460
2026-04-27T21:55:11.684515+00:00,medium_gpu_2_final_chatbot,0,232,46,43,81,27,0,0,,,1107,1477,32036,6,0,5440,3911
2026-04-27T21:55:11.730062+00:00,medium_gpu_2_final_chatbot,1,239,44,42,84,18,0,0,,,1107,1410,32014,6,0,5995,4380
2026-04-27T21:55:12.779609+00:00,medium_gpu_2_final_chatbot,0,162,44,46,89,49,0,0,,,1107,1597,32036,6,0,526,439
2026-04-27T21:55:12.824837+00:00,medium_gpu_2_final_chatbot,1,174,42,45,88,50,0,0,,,1107,1597,32014,6,0,458,498
2026-04-27T21:55:13.874553+00:00,medium_gpu_2_final_chatbot,0,164,44,47,90,50,0,0,,,1107,1597,32036,6,0,527,435
2026-04-27T21:55:13.918369+00:00,medium_gpu_2_final_chatbot,1,168,42,44,87,49,0,0,,,1107,1597,32014,6,0,458,504
2026-04-27T21:55:14.968313+00:00,medium_gpu_2_final_chatbot,0,165,44,46,90,50,0,0,,,1107,1597,32036,6,0,526,433
2026-04-27T21:55:15.015060+00:00,medium_gpu_2_final_chatbot,1,159,42,45,87,49,0,0,,,1107,1597,32014,6,0,459,499
2026-04-27T21:55:16.065032+00:00,medium_gpu_2_final_chatbot,0,156,44,46,90,50,0,0,,,1107,1597,32036,6,0,532,433
2026-04-27T21:55:16.108899+00:00,medium_gpu_2_final_chatbot,1,172,42,45,88,50,0,0,,,1107,1597,32014,6,0,446,508
2026-04-27T21:55:17.158697+00:00,medium_gpu_2_final_chatbot,0,165,44,46,90,50,0,0,,,1107,1597,32036,6,0,528,375
2026-04-27T21:55:17.202609+00:00,medium_gpu_2_final_chatbot,1,155,43,45,87,50,0,0,,,1107,1597,32014,6,0,458,498
2026-04-27T21:55:18.252282+00:00,medium_gpu_2_final_chatbot,0,152,44,47,89,50,0,0,,,1107,1597,32036,6,0,534,426
2026-04-27T21:55:18.296914+00:00,medium_gpu_2_final_chatbot,1,170,42,45,88,50,0,0,,,1107,1597,32014,6,0,453,540
2026-04-27T21:55:19.346661+00:00,medium_gpu_2_final_chatbot,0,162,44,46,90,50,0,0,,,1107,1597,32036,6,0,527,433
2026-04-27T21:55:19.390533+00:00,medium_gpu_2_final_chatbot,1,175,43,45,88,50,0,0,,,1107,1597,32014,6,0,434,497
2026-04-27T21:55:20.440898+00:00,medium_gpu_2_final_chatbot,0,165,44,46,89,50,0,0,,,1107,1597,32036,6,0,519,408
2026-04-27T21:55:20.484725+00:00,medium_gpu_2_final_chatbot,1,166,43,45,88,50,0,0,,,1107,1597,32014,6,0,459,500
2026-04-27T21:55:21.534792+00:00,medium_gpu_2_final_chatbot,0,168,44,47,89,50,0,0,,,1107,1597,32036,6,0,536,402
2026-04-27T21:55:21.578693+00:00,medium_gpu_2_final_chatbot,1,164,43,45,88,50,0,0,,,1107,1597,32014,6,0,462,493
2026-04-27T21:55:22.628754+00:00,medium_gpu_2_final_chatbot,0,170,44,46,90,51,0,0,,,1107,1597,32036,6,0,482,427
2026-04-27T21:55:22.672603+00:00,medium_gpu_2_final_chatbot,1,165,43,45,87,50,0,0,,,1107,1597,32014,6,0,459,499
2026-04-27T21:55:23.722281+00:00,medium_gpu_2_final_chatbot,0,170,44,47,90,51,0,0,,,1107,1597,32036,6,0,538,409
2026-04-27T21:55:23.766867+00:00,medium_gpu_2_final_chatbot,1,164,43,45,87,49,0,0,,,1107,1597,32014,6,0,452,491
2026-04-27T21:55:24.816629+00:00,medium_gpu_2_final_chatbot,0,167,44,46,90,50,0,0,,,1107,1597,32036,6,0,521,395
2026-04-27T21:55:24.860463+00:00,medium_gpu_2_final_chatbot,1,166,43,45,87,50,0,0,,,1107,1597,32014,6,0,452,492
2026-04-27T21:55:25.910818+00:00,medium_gpu_2_final_chatbot,0,172,44,46,88,49,0,0,,,1107,1597,32036,6,0,520,420
2026-04-27T21:55:25.954748+00:00,medium_gpu_2_final_chatbot,1,170,43,45,88,50,0,0,,,1107,1597,32014,6,0,445,493
2026-04-27T21:55:27.004409+00:00,medium_gpu_2_final_chatbot,0,157,45,46,90,50,0,0,,,1107,1597,32036,6,0,514,420
2026-04-27T21:55:27.048308+00:00,medium_gpu_2_final_chatbot,1,174,43,45,87,49,0,0,,,1107,1597,32014,6,0,445,528
2026-04-27T21:55:28.098294+00:00,medium_gpu_2_final_chatbot,0,153,45,47,90,50,0,0,,,1107,1597,32036,6,0,514,413
2026-04-27T21:55:28.142109+00:00,medium_gpu_2_final_chatbot,1,172,43,45,87,49,0,0,,,1107,1597,32014,6,0,438,483
2026-04-27T21:55:29.191806+00:00,medium_gpu_2_final_chatbot,0,164,44,46,90,50,0,0,,,1107,1597,32036,6,0,508,414
2026-04-27T21:55:29.236316+00:00,medium_gpu_2_final_chatbot,1,180,43,45,88,49,0,0,,,1107,1597,32014,6,0,440,486
2026-04-27T21:55:30.286080+00:00,medium_gpu_2_final_chatbot,0,170,45,47,90,49,0,0,,,1107,1597,32036,6,0,543,376
2026-04-27T21:55:30.329974+00:00,medium_gpu_2_final_chatbot,1,162,43,45,87,49,0,0,,,1107,1597,32014,6,0,438,478
2026-04-27T21:55:31.379713+00:00,medium_gpu_2_final_chatbot,0,167,45,47,90,50,0,0,,,1107,1597,32036,6,0,513,376
2026-04-27T21:55:31.423837+00:00,medium_gpu_2_final_chatbot,1,159,43,45,87,50,0,0,,,1107,1597,32014,6,0,465,505
2026-04-27T21:55:32.473515+00:00,medium_gpu_2_final_chatbot,0,159,45,47,89,49,0,0,,,1107,1597,32036,6,0,527,440
2026-04-27T21:55:32.517357+00:00,medium_gpu_2_final_chatbot,1,173,43,45,88,50,0,0,,,1107,1597,32014,6,0,419,460
2026-04-27T21:55:33.567161+00:00,medium_gpu_2_final_chatbot,0,171,45,47,89,49,0,0,,,1107,1597,32036,6,0,481,439
2026-04-27T21:55:33.611713+00:00,medium_gpu_2_final_chatbot,1,164,43,46,88,50,0,0,,,1107,1597,32014,6,0,466,506
2026-04-27T21:55:34.661408+00:00,medium_gpu_2_final_chatbot,0,164,45,47,89,50,0,0,,,1107,1597,32036,6,0,527,427
2026-04-27T21:55:34.705219+00:00,medium_gpu_2_final_chatbot,1,176,43,46,87,49,0,0,,,1107,1597,32014,6,0,442,498
2026-04-27T21:55:35.758629+00:00,medium_gpu_2_final_chatbot,0,159,45,47,90,50,0,0,,,1107,1597,32036,6,0,533,426
2026-04-27T21:55:35.802527+00:00,medium_gpu_2_final_chatbot,1,171,43,45,87,49,0,0,,,1107,1597,32014,6,0,460,514
2026-04-27T21:55:36.852225+00:00,medium_gpu_2_final_chatbot,0,168,45,47,89,50,0,0,,,1107,1597,32036,6,0,529,394
2026-04-27T21:55:36.896660+00:00,medium_gpu_2_final_chatbot,1,163,43,46,88,50,0,0,,,1107,1597,32014,6,0,451,501
2026-04-27T21:55:37.946397+00:00,medium_gpu_2_final_chatbot,0,167,45,47,89,50,0,0,,,1107,1597,32036,6,0,521,440
2026-04-27T21:55:37.990227+00:00,medium_gpu_2_final_chatbot,1,170,43,46,87,49,0,0,,,1107,1597,32014,6,0,458,498
2026-04-27T21:55:39.040563+00:00,medium_gpu_2_final_chatbot,0,159,45,47,89,50,0,0,,,1107,1597,32036,6,0,527,426
2026-04-27T21:55:39.085188+00:00,medium_gpu_2_final_chatbot,1,176,43,46,88,50,0,0,,,1107,1597,32014,6,0,398,466
2026-04-27T21:55:40.134922+00:00,medium_gpu_2_final_chatbot,0,168,45,46,89,50,0,0,,,1107,1597,32036,6,0,520,433
2026-04-27T21:55:40.178804+00:00,medium_gpu_2_final_chatbot,1,176,43,46,88,50,0,0,,,1107,1597,32014,6,0,460,494
2026-04-27T21:55:41.228564+00:00,medium_gpu_2_final_chatbot,0,171,45,46,90,51,0,0,,,1107,1597,32036,6,0,502,377
2026-04-27T21:55:41.273795+00:00,medium_gpu_2_final_chatbot,1,162,43,46,88,50,0,0,,,1107,1597,32014,6,0,458,493
2026-04-27T21:55:42.323590+00:00,medium_gpu_2_final_chatbot,0,174,45,47,90,51,0,0,,,1107,1597,32036,6,0,474,426
2026-04-27T21:55:42.368238+00:00,medium_gpu_2_final_chatbot,1,167,43,46,88,50,0,0,,,1107,1597,32014,6,0,452,500
2026-04-27T21:55:43.418006+00:00,medium_gpu_2_final_chatbot,0,174,45,47,89,50,0,0,,,1107,1597,32036,6,0,500,413
2026-04-27T21:55:43.461855+00:00,medium_gpu_2_final_chatbot,1,166,43,46,88,50,0,0,,,1107,1597,32014,6,0,459,498
2026-04-27T21:55:44.512205+00:00,medium_gpu_2_final_chatbot,0,168,45,47,90,50,0,0,,,1107,1597,32036,6,0,519,413
2026-04-27T21:55:44.555978+00:00,medium_gpu_2_final_chatbot,1,179,44,46,88,50,0,0,,,1107,1597,32014,6,0,428,493
2026-04-27T21:55:45.605635+00:00,medium_gpu_2_final_chatbot,0,175,45,47,90,50,0,0,,,1107,1597,32036,6,0,481,421
2026-04-27T21:55:45.649546+00:00,medium_gpu_2_final_chatbot,1,166,43,46,87,49,0,0,,,1107,1597,32014,6,0,446,486
2026-04-27T21:55:46.699761+00:00,medium_gpu_2_final_chatbot,0,173,45,47,90,50,0,0,,,1107,1597,32036,6,0,501,420
2026-04-27T21:55:46.743698+00:00,medium_gpu_2_final_chatbot,1,168,44,46,87,49,0,0,,,1107,1597,32014,6,0,445,483
2026-04-27T21:55:47.793511+00:00,medium_gpu_2_final_chatbot,0,169,45,47,90,50,0,0,,,1107,1597,32036,6,0,507,407
2026-04-27T21:55:47.840134+00:00,medium_gpu_2_final_chatbot,1,172,44,46,87,49,0,0,,,1107,1597,32014,6,0,445,479
2026-04-27T21:55:48.889793+00:00,medium_gpu_2_final_chatbot,0,157,45,48,90,49,0,0,,,1107,1597,32036,6,0,506,413
2026-04-27T21:55:48.933782+00:00,medium_gpu_2_final_chatbot,1,171,44,45,88,49,0,0,,,1107,1597,32014,6,0,438,479
2026-04-27T21:55:50.084532+00:00,medium_gpu_2_final_chatbot,0,58,41,40,0,0,0,0,,,1107,1597,32036,6,0,0,0
2026-04-27T21:55:50.208795+00:00,medium_gpu_2_final_chatbot,1,59,40,39,0,0,0,0,,,1107,1597,32014,6,0,0,0
