timestamp_utc,run_id,target,elapsed_s,server_process_count,server_rss_bytes,server_vms_bytes,server_cpu_time_s,server_cpu_percent,server_read_bytes,server_write_bytes,system_cpu_total_percent,system_cpu_max_core_percent,system_cpu_freq_mhz,system_load_1m,system_context_switches,system_mem_used_bytes,system_mem_available_bytes,system_swap_used_bytes,system_disk_read_bytes,system_disk_write_bytes,system_net_recv_bytes,system_net_sent_bytes,cpu_temp_max_c,powercap_energy_uj,powercap_package_power_w
2026-07-15T12:21:05.378230+00:00,opt13b_gpu_a100_offload_chat_30gib,gpu_a100,4.291534423828125e-06,3,45969248256,116940808192,135.31,0.0,0,7380992,3.3333333333333335,100.0,2449.9980000000005,0.91455078125,32475163,51560239104,180645052416,0,486020608,208394266624,163022529258,2029426847,,,
2026-07-15T12:21:06.392514+00:00,opt13b_gpu_a100_offload_chat_30gib,gpu_a100,1.016141414642334,3,45969494016,116940808192,135.32,0.9841191481525019,0,7380992,0.36000000000000004,2.9,2449.9980000000005,0.921875,32477171,51553812480,180651479040,0,486020608,208394266624,163022587921,2029485436,,,
2026-07-15T12:21:07.405431+00:00,opt13b_gpu_a100_offload_chat_30gib,gpu_a100,2.0304133892059326,3,45969494016,116940808192,135.32999999999998,0.9859288485510518,0,7380992,3.5,100.0,2449.9980000000005,0.921875,32479495,51774066688,180431224832,0,486020608,208394266624,163022645246,2029542761,,,
2026-07-15T12:21:08.418294+00:00,opt13b_gpu_a100_offload_chat_30gib,gpu_a100,3.0433061122894287,3,45969494016,116940808192,135.35999999999999,2.9618141503350635,0,7380992,3.3666666666666667,98.0,2449.9980000000005,0.921875,32482017,51858964480,180346327040,0,486020608,208394266624,163022703456,2029600697,,,
2026-07-15T12:21:09.431040+00:00,opt13b_gpu_a100_offload_chat_30gib,gpu_a100,4.056203603744507,3,45969494016,116940808192,135.35999999999999,0.0,0,7380992,3.4,99.0,2449.9980000000005,0.921875,32484056,51911090176,180294201344,0,486020608,208394463232,163022761113,2029658354,,,
2026-07-15T12:21:10.444135+00:00,opt13b_gpu_a100_offload_chat_30gib,gpu_a100,5.06896710395813,3,45969494016,116940808192,135.38000000000002,1.9747947073349343,0,7380992,3.433333333333333,100.0,2449.9980000000005,0.92822265625,32486204,51935076352,180270215168,0,486020608,208394463232,163022818792,2029716123,,,
2026-07-15T12:21:11.457722+00:00,opt13b_gpu_a100_offload_chat_30gib,gpu_a100,6.082030534744263,3,45969494016,116940808192,135.38000000000002,0.0,0,7385088,3.566666666666667,100.0,2449.9980000000005,0.92822265625,32489146,51923677184,180281614336,0,486020608,208394647552,163022876440,2029773745,,,
2026-07-15T12:21:12.470734+00:00,opt13b_gpu_a100_offload_chat_30gib,gpu_a100,7.095614910125732,3,45969494016,116940808192,135.41,2.959793060018511,0,7385088,3.433333333333333,100.0,2449.9980000000005,0.92822265625,32492120,51931930624,180273360896,0,486020608,208394647552,163022934374,2029831456,,,
2026-07-15T12:21:13.483593+00:00,opt13b_gpu_a100_offload_chat_30gib,gpu_a100,8.108673572540283,3,45969494016,116940808192,135.43,1.974219336157859,0,7385088,3.466666666666667,100.0,2449.9980000000005,0.92822265625,32494936,51926507520,180278784000,0,486020608,208394647552,163022992003,2029888967,,,
2026-07-15T12:21:14.496537+00:00,opt13b_gpu_a100_offload_chat_30gib,gpu_a100,9.121500492095947,3,45969494016,116940808192,135.43,0.0,0,7385088,3.433333333333333,100.0,2449.9980000000005,0.92822265625,32497786,51925512192,180279779328,0,486020608,208394647552,163023049262,2029946226,,,
2026-07-15T12:21:15.509487+00:00,opt13b_gpu_a100_offload_chat_30gib,gpu_a100,10.134434938430786,3,45969494016,116940808192,135.45,1.974461434533005,0,7385088,3.433333333333333,100.0,2449.9980000000005,0.93408203125,32499830,51940466688,180264824832,0,486020608,208394647552,163023106729,2030003775,,,
2026-07-15T12:21:16.522368+00:00,opt13b_gpu_a100_offload_chat_30gib,gpu_a100,11.147388458251953,3,45969494016,116940808192,135.47,1.9744242562621386,0,7389184,3.433333333333333,100.0,2449.9980000000005,0.93408203125,32502230,51986915328,180218376192,0,486020608,208394651648,163023164209,2030061337,,,
2026-07-15T12:21:17.535671+00:00,opt13b_gpu_a100_offload_chat_30gib,gpu_a100,12.16028356552124,3,45969494016,116940808192,135.48,0.9872690595722581,0,7389184,3.5,100.0,2449.9980000000005,0.93408203125,32504623,52008591360,180196700160,0,486020608,208394651648,163023221572,2030118766,,,
2026-07-15T12:21:18.548805+00:00,opt13b_gpu_a100_offload_chat_30gib,gpu_a100,13.173610925674438,3,45969494016,116940808192,135.5,1.9736958446465478,0,7389184,3.4,100.0,2449.9980000000005,0.93408203125,32507174,52055040000,180150251520,0,486020608,208394651648,163023279356,2030176370,,,
2026-07-15T12:21:19.561551+00:00,opt13b_gpu_a100_offload_chat_30gib,gpu_a100,14.186699390411377,3,45969494016,116940808192,135.51,0.9870806299810683,0,7389184,3.433333333333333,100.0,2449.9980000000005,0.93408203125,32509469,52103811072,180101480448,0,486020608,208394651648,163023336667,2030233681,,,
2026-07-15T12:21:20.574669+00:00,opt13b_gpu_a100_offload_chat_30gib,gpu_a100,15.199448823928833,3,45969494016,116940808192,135.53,1.9748221364633827,0,7389184,1.5866666666666667,43.6,2449.9980000000005,0.85888671875,32511777,52124180480,180081111040,0,486020608,208394651648,163023427175,2030299167,,,
2026-07-15T12:21:21.588466+00:00,opt13b_gpu_a100_offload_chat_30gib,gpu_a100,16.212580919265747,3,45972934656,119118839808,135.91,37.50744860902147,0,7393280,2.5766666666666667,40.6,2449.9980000000005,0.85888671875,32514812,52142792704,180062498816,0,486020608,208394663936,163023650469,2030518706,,,
2026-07-15T12:21:22.602126+00:00,opt13b_gpu_a100_offload_chat_30gib,gpu_a100,17.226421117782593,3,45973426176,119118839808,136.43,51.290134358523375,0,7397376,2.033333333333333,45.1,2449.9980000000005,0.85888671875,32517810,52134641664,180070649856,0,486020608,208394663936,163023968365,2030836734,,,
2026-07-15T12:21:23.615431+00:00,opt13b_gpu_a100_offload_chat_30gib,gpu_a100,18.240036010742188,3,45973426176,119118839808,136.9,46.368695178468954,0,7397376,1.6,36.0,2449.9980000000005,0.85888671875,32521123,52134612992,180070678528,0,486020608,208394663936,163024343387,2031211572,,,
2026-07-15T12:21:24.628433+00:00,opt13b_gpu_a100_offload_chat_30gib,gpu_a100,19.253344774246216,3,45973671936,119118839808,137.35,44.40897150083709,0,7397376,1.6166666666666667,36.6,2449.9980000000005,0.85888671875,32524353,52126355456,180078936064,0,486020608,208394663936,163024710183,2031578450,,,
2026-07-15T12:21:25.641144+00:00,opt13b_gpu_a100_offload_chat_30gib,gpu_a100,20.26637363433838,3,45973671936,119118839808,137.79,43.43410314687061,0,7397376,1.65,35.6,2449.9980000000005,0.7900390625,32527469,52126355456,180078936064,0,486020608,208394663936,163025068933,2031937200,,,
2026-07-15T12:21:26.653976+00:00,opt13b_gpu_a100_offload_chat_30gib,gpu_a100,21.279065132141113,3,45973671936,119118823424,138.23,43.44857253711306,0,7397376,1.5,33.0,2449.9980000000005,0.7900390625,32530517,52118097920,180087193600,0,486020608,208394663936,163025420035,2032288384,,,
2026-07-15T12:21:27.666843+00:00,opt13b_gpu_a100_offload_chat_30gib,gpu_a100,22.291895866394043,3,45973671936,119118823424,138.64,40.48060412606013,0,7401472,1.5166666666666666,33.7,2449.9980000000005,0.7900390625,32533488,52118097920,180087193600,0,486020608,208394668032,163025770829,2032639178,,,
2026-07-15T12:21:28.679697+00:00,opt13b_gpu_a100_offload_chat_30gib,gpu_a100,23.304752349853516,3,45973917696,119118823424,139.06,41.466881721039144,0,7401472,1.49,33.7,2449.9980000000005,0.7900390625,32536532,52109840384,180095451136,0,486020608,208394668032,163026113994,2032982225,,,
2026-07-15T12:21:29.692711+00:00,opt13b_gpu_a100_offload_chat_30gib,gpu_a100,24.31764268875122,3,45973917696,119118839808,139.47,40.478222000437476,0,7401472,1.5866666666666667,32.7,2449.9980000000005,0.7900390625,32539465,52109840384,180095451136,0,486020608,208394668032,163026456888,2033325201,,,
2026-07-15T12:21:30.705794+00:00,opt13b_gpu_a100_offload_chat_30gib,gpu_a100,25.330617666244507,3,45973917696,119118823424,139.85999999999999,38.5004574313457,0,7401472,1.4766666666666666,32.4,2449.9980000000005,0.80712890625,32542404,52109840384,180095451136,0,486020608,208394668032,163026783989,2033652302,,,
2026-07-15T12:21:31.718835+00:00,opt13b_gpu_a100_offload_chat_30gib,gpu_a100,26.343713760375977,3,45973917696,119118823424,140.26,39.482927860157915,0,7401472,1.52,32.7,2449.9980000000005,0.80712890625,32545458,52101812224,180103479296,0,486020608,208394668032,163027119110,2033987505,,,
2026-07-15T12:21:32.733479+00:00,opt13b_gpu_a100_offload_chat_30gib,gpu_a100,27.35675311088562,3,45978095616,119120453632,140.75,48.369295798183764,0,7401472,1.7366666666666666,37.3,2449.9980000000005,0.80712890625,32548456,52102041600,180103249920,0,486020608,208394668032,163027417799,2034286194,,,
2026-07-15T12:21:33.746710+00:00,opt13b_gpu_a100_offload_chat_30gib,gpu_a100,28.371349573135376,3,45978341376,119120621568,141.16,40.41015470237958,0,7405568,1.5866666666666667,33.7,2449.9980000000005,0.80712890625,32551458,52093784064,180111507456,0,486020608,208394672128,163027723062,2034591339,,,
2026-07-15T12:21:34.759734+00:00,opt13b_gpu_a100_offload_chat_30gib,gpu_a100,29.3845956325531,3,45978341376,119120621568,141.54,37.503229987232075,0,7405568,1.4566666666666668,31.0,2449.9980000000005,0.80712890625,32554514,52093784064,180111507456,0,486020608,208394672128,163028022749,2034891108,,,
2026-07-15T12:21:35.772557+00:00,opt13b_gpu_a100_offload_chat_30gib,gpu_a100,30.39761972427368,3,45978832896,119120621568,141.93,38.49859082202234,0,7405568,1.3666666666666667,31.1,2449.9980000000005,0.7421875,32557580,52093784064,180111507456,0,486020608,208394672128,163028313290,2035181649,,,
2026-07-15T12:21:36.785462+00:00,opt13b_gpu_a100_offload_chat_30gib,gpu_a100,31.41044592857361,3,45978832896,119120756736,142.33,39.49344895519254,0,7405568,1.4,32.0,2449.9980000000005,0.7421875,32560695,52085526528,180119764992,0,486020608,208394672128,163028589170,2035457631,,,
2026-07-15T12:21:37.798603+00:00,opt13b_gpu_a100_offload_chat_30gib,gpu_a100,32.423352003097534,3,45979078656,119120756736,142.71,37.515818056338404,0,7405568,1.49,31.7,2449.9980000000005,0.7421875,32563729,52077268992,180128022528,0,486020608,208394672128,163028860011,2035728476,,,
2026-07-15T12:21:38.811725+00:00,opt13b_gpu_a100_offload_chat_30gib,gpu_a100,33.43649220466614,3,45979324416,119121084416,143.07,35.53308806052824,0,7405568,1.3433333333333333,29.4,2449.9980000000005,0.7421875,32566619,52069486592,180135804928,0,486020608,208394713088,163029124524,2035992863,,,
2026-07-15T12:21:39.824734+00:00,opt13b_gpu_a100_offload_chat_30gib,gpu_a100,34.449604988098145,3,45979324416,119121084416,143.26,18.754081787059913,0,7409664,0.6966666666666667,9.9,2449.9980000000005,0.7421875,32569463,52061315072,180143976448,0,486020608,208394745856,163029380910,2036249339,,,
2026-07-15T12:21:40.838041+00:00,opt13b_gpu_a100_offload_chat_30gib,gpu_a100,35.4626259803772,3,45979324416,119121084416,143.45999999999998,19.742927493539586,0,7409664,0.8466666666666666,15.5,2449.9980000000005,0.6826171875,32572502,52061315072,180143976448,0,486020608,208394745856,163029623303,2036491732,,,
2026-07-15T12:21:41.851595+00:00,opt13b_gpu_a100_offload_chat_30gib,gpu_a100,36.47593069076538,3,45979324416,119121084416,143.63,16.7767896721699,0,7409664,0.63,9.9,2449.9980000000005,0.6826171875,32575337,52053057536,180152233984,0,486020608,208394745856,163029862105,2036730616,,,
2026-07-15T12:21:42.865103+00:00,opt13b_gpu_a100_offload_chat_30gib,gpu_a100,37.48949074745178,3,45979324416,119121084416,143.83,19.732427169029382,0,7413760,0.92,12.0,2449.9980000000005,0.6826171875,32578080,52044541952,180160749568,0,486020608,208394745856,163030095810,2036964341,,,
2026-07-15T12:21:43.878384+00:00,opt13b_gpu_a100_offload_chat_30gib,gpu_a100,38.502984046936035,3,45979324416,119121084416,143.99,15.786981530259498,0,7413760,0.63,9.9,2449.9980000000005,0.6826171875,32580873,52044541952,180160749568,0,486020608,208394745856,163030327909,2037196314,,,
2026-07-15T12:21:44.892171+00:00,opt13b_gpu_a100_offload_chat_30gib,gpu_a100,39.516278982162476,3,45979570176,119121084416,144.19,19.73759001916799,0,7413760,1.0133333333333332,12.7,2449.9980000000005,0.6826171875,32583964,52044288000,180161003520,0,486020608,208394745856,163030551447,2037416996,,,
2026-07-15T12:21:45.905678+00:00,opt13b_gpu_a100_offload_chat_30gib,gpu_a100,40.530054330825806,3,45979570176,119121084416,144.35,15.78258932918005,0,7417856,3.86,59.4,2449.9980000000005,0.70849609375,32588151,52089118720,180116172800,0,486020608,208394762240,163030776423,2037641193,,,
2026-07-15T12:21:46.919552+00:00,opt13b_gpu_a100_offload_chat_30gib,gpu_a100,41.543590784072876,3,45979570176,119121084416,144.51,15.786309361385475,0,7417856,3.6233333333333335,83.0,2449.9980000000005,0.70849609375,32592417,51903119360,180302172160,0,486020608,208394762240,163031304787,2038482337,,,
2026-07-15T12:21:47.933181+00:00,opt13b_gpu_a100_offload_chat_30gib,gpu_a100,42.557435750961304,3,45979570176,119121231872,144.70999999999998,19.726881972280715,0,7417856,2.8666666666666667,15.7,2449.9980000000005,0.70849609375,32595764,51898843136,180306448384,0,486020608,208394762240,163031509033,2038681603,,,
2026-07-15T12:21:48.946206+00:00,opt13b_gpu_a100_offload_chat_30gib,gpu_a100,43.57105851173401,3,45979570176,119121231872,144.86,14.798404870633142,0,7417856,0.6633333333333333,8.0,2449.9980000000005,0.70849609375,32598656,51898843136,180306448384,0,486020608,208394762240,163031709460,2038878539,,,
2026-07-15T12:21:49.959144+00:00,opt13b_gpu_a100_offload_chat_30gib,gpu_a100,44.584084033966064,3,45979815936,119121231872,145.01,14.807129406717602,0,7417856,0.53,9.9,2449.9980000000005,0.70849609375,32601459,51893145600,180312145920,0,486020608,208394762240,163031905073,2039074332,,,
2026-07-15T12:21:50.971828+00:00,opt13b_gpu_a100_offload_chat_30gib,gpu_a100,45.59702801704407,3,45979815936,119121231872,145.22,20.73164987484176,0,7417856,0.76,13.9,2449.9980000000005,0.6513671875,32604260,51888160768,180317130752,0,486020608,208394774528,163032088432,2039257725,,,
2026-07-15T12:21:51.984739+00:00,opt13b_gpu_a100_offload_chat_30gib,gpu_a100,46.60971140861511,3,45979815936,119121231872,145.35999999999999,13.824656468671298,0,7421952,0.4966666666666667,8.9,2449.9980000000005,0.6513671875,32607003,51888160768,180317130752,0,486020608,208394774528,163032271746,2039441049,,,
2026-07-15T12:21:52.997785+00:00,opt13b_gpu_a100_offload_chat_30gib,gpu_a100,47.622618436813354,3,45979815936,119121231872,145.53,16.783376486429532,0,7421952,0.6233333333333334,9.8,2449.9980000000005,0.6513671875,32609745,51883798528,180321492992,0,486020608,208394934272,163032455259,2039624506,,,
2026-07-15T12:21:54.011107+00:00,opt13b_gpu_a100_offload_chat_30gib,gpu_a100,48.635669469833374,3,45979815936,119121231872,145.67000000000002,13.819639429482537,0,7421952,0.5966666666666666,8.9,2449.9980000000005,0.6513671875,32612415,51883798528,180321492992,0,486020608,208394934272,163032638692,2039807813,,,
2026-07-15T12:21:55.024661+00:00,opt13b_gpu_a100_offload_chat_30gib,gpu_a100,49.64899039268494,3,45980061696,119121420288,145.85,17.76337544609704,0,7421952,0.5,11.0,2449.9980000000005,0.6513671875,32615146,51871723520,180333568000,0,486020608,208394934272,163032810697,2039979904,,,
2026-07-15T12:21:56.038089+00:00,opt13b_gpu_a100_offload_chat_30gib,gpu_a100,50.662537813186646,3,45980061696,119121420288,146.0,14.799504884118322,0,7421952,0.6633333333333333,8.9,2449.9980000000005,0.59912109375,32617920,51869409280,180335882240,0,486020608,208394938368,163032984667,2040153964,,,
2026-07-15T12:21:57.051501+00:00,opt13b_gpu_a100_offload_chat_30gib,gpu_a100,51.675989627838135,3,45980061696,119121420288,146.13,12.827447553064028,0,7426048,0.6866666666666668,9.8,2449.9980000000005,0.59912109375,32620690,51869409280,180335882240,0,486020608,208394938368,163033156274,2040325515,,,
2026-07-15T12:21:58.064903+00:00,opt13b_gpu_a100_offload_chat_30gib,gpu_a100,52.68937420845032,3,45980061696,119121420288,146.28,14.801883003725115,0,7426048,0.5,8.0,2449.9980000000005,0.59912109375,32623437,51868135424,180337156096,0,486020608,208394938368,163033325707,2040495549,,,
2026-07-15T12:21:59.078498+00:00,opt13b_gpu_a100_offload_chat_30gib,gpu_a100,53.70278811454773,3,45980061696,119121420288,146.44,15.788218321983136,0,7426048,0.5966666666666666,10.9,2449.9980000000005,0.59912109375,32626191,51867115520,180338176000,0,486020608,208394938368,163033491330,2040660764,,,
2026-07-15T12:22:00.091794+00:00,opt13b_gpu_a100_offload_chat_30gib,gpu_a100,54.716395139694214,3,45980061696,119121420288,146.58,13.81205896632201,0,7426048,0.5966666666666666,8.9,2449.9980000000005,0.59912109375,32628887,51865571328,180339720192,0,486020608,208394938368,163033653168,2040822684,,,
2026-07-15T12:22:01.104715+00:00,opt13b_gpu_a100_offload_chat_30gib,gpu_a100,55.72968530654907,3,45980061696,119121420288,146.73,14.803262175686637,0,7426048,0.49000000000000005,8.8,2449.9980000000005,0.55078125,32631772,51864129536,180341161984,0,486020608,208394938368,163033812152,2040981758,,,
2026-07-15T12:22:02.118225+00:00,opt13b_gpu_a100_offload_chat_30gib,gpu_a100,56.742610692977905,3,45980061696,119121420288,146.87,13.821353662938431,0,7426048,0.5933333333333334,9.8,2449.9980000000005,0.55078125,32634542,51863478272,180341813248,0,486020608,208394942464,163033970954,2041140560,,,
2026-07-15T12:22:03.132118+00:00,opt13b_gpu_a100_offload_chat_30gib,gpu_a100,57.756120681762695,3,45980061696,119121420288,147.02,14.800051470618202,0,7430144,0.4633333333333333,8.0,2449.9980000000005,0.55078125,32637392,51861725184,180343566336,0,486020608,208394942464,163034132537,2041302143,,,
2026-07-15T12:22:04.145762+00:00,opt13b_gpu_a100_offload_chat_30gib,gpu_a100,58.77000021934509,3,45980061696,119121420288,147.19,16.76727793573521,0,7430144,0.6266666666666667,10.8,2449.9980000000005,0.55078125,32640286,51861757952,180343533568,0,486020608,208395118592,163034287681,2041457169,,,
2026-07-15T12:22:05.158678+00:00,opt13b_gpu_a100_offload_chat_30gib,gpu_a100,59.783655881881714,3,45980061696,119121420288,147.32,12.824867931450918,0,7430144,0.56,8.9,2449.9980000000005,0.55078125,32642938,51860226048,180345065472,0,486020608,208395118592,163034434684,2041604320,,,
2026-07-15T12:22:06.171547+00:00,opt13b_gpu_a100_offload_chat_30gib,gpu_a100,60.79655480384827,3,45980061696,119121420288,147.47,14.808980121015361,0,7430144,0.5333333333333333,8.0,2449.9980000000005,0.50634765625,32645327,51859439616,180345851904,0,486020608,208395118592,163034581580,2041751298,,,
2026-07-15T12:22:07.184443+00:00,opt13b_gpu_a100_offload_chat_30gib,gpu_a100,61.80942726135254,3,45980061696,119121420288,147.64,16.783949325551724,0,7430144,0.69,12.7,2449.9980000000005,0.50634765625,32647833,51859439616,180345851904,0,486020608,208395118592,163034705921,2041875639,,,
2026-07-15T12:22:08.197335+00:00,opt13b_gpu_a100_offload_chat_30gib,gpu_a100,62.822311878204346,3,45980061696,119121420288,147.87,22.707423547895495,0,7430144,0.8,15.0,2449.9980000000005,0.50634765625,32650642,51859439616,180345851904,0,486020608,208395126784,163034905741,2042075459,,,
2026-07-15T12:22:09.210638+00:00,opt13b_gpu_a100_offload_chat_30gib,gpu_a100,63.835224866867065,3,45980307456,119121420288,148.09,21.71953587942928,0,7438336,0.9199999999999999,16.7,2449.9980000000005,0.50634765625,32653481,51859439616,180345851904,0,486020608,208395237376,163035097365,2042266965,,,
2026-07-15T12:22:10.223662+00:00,opt13b_gpu_a100_offload_chat_30gib,gpu_a100,64.8485221862793,3,45980307456,119121420288,148.26,16.776912041827654,0,7438336,0.5966666666666666,9.9,2449.9980000000005,0.50634765625,32656325,51859439616,180345851904,0,486020608,208395237376,163035284423,2042454105,,,
2026-07-15T12:22:11.236483+00:00,opt13b_gpu_a100_offload_chat_30gib,gpu_a100,65.86153054237366,3,45980307456,119121420288,148.41000000000003,14.807380323925168,0,7438336,0.73,9.0,2449.9980000000005,0.5458984375,32659182,51859410944,180345880576,0,486020608,208395237376,163035473179,2042642943,,,
2026-07-15T12:22:12.249558+00:00,opt13b_gpu_a100_offload_chat_30gib,gpu_a100,66.87435173988342,3,45980307456,119121420288,148.59,17.77213988436916,0,7438336,0.7233333333333333,11.8,2449.9980000000005,0.5458984375,32662272,51859410944,180345880576,0,486020608,208395237376,163035659982,2042829638,,,
2026-07-15T12:22:13.262643+00:00,opt13b_gpu_a100_offload_chat_30gib,gpu_a100,67.88743996620178,3,45980307456,119121420288,148.76,16.78037465875806,0,7438336,0.66,10.9,2449.9980000000005,0.5458984375,32665030,51853955072,180351336448,0,486020608,208395237376,163035861674,2043031330,,,
2026-07-15T12:22:14.275563+00:00,opt13b_gpu_a100_offload_chat_30gib,gpu_a100,68.90052247047424,3,45980307456,119121420288,148.92000000000002,15.79338299943577,0,7438336,0.6333333333333333,8.0,2449.9980000000005,0.5458984375,32667893,51854061568,180351229952,0,486020608,208395237376,163036059083,2043228613,,,
2026-07-15T12:22:15.288727+00:00,opt13b_gpu_a100_offload_chat_30gib,gpu_a100,69.91343808174133,3,45980307456,119121420288,149.06,13.821487046177095,0,7442432,0.6933333333333334,9.8,2449.9980000000005,0.5458984375,32670668,51854061568,180351229952,0,486020608,208395335680,163036256517,2043426137,,,
2026-07-15T12:22:16.302199+00:00,opt13b_gpu_a100_offload_chat_30gib,gpu_a100,70.92659902572632,3,45980307456,119121420288,149.22,15.792160263371516,0,7442432,0.6933333333333334,9.9,2449.9980000000005,0.66259765625,32673608,51854061568,180351229952,0,486020608,208395335680,163036452323,2043622025,,,
2026-07-15T12:22:17.315380+00:00,opt13b_gpu_a100_offload_chat_30gib,gpu_a100,71.9400806427002,3,45980307456,119121420288,149.37,14.800465789195663,0,7442432,0.6233333333333333,7.9,2449.9980000000005,0.66259765625,32676350,51854061568,180351229952,0,486020608,208395335680,163036645659,2043815427,,,
2026-07-15T12:22:18.328671+00:00,opt13b_gpu_a100_offload_chat_30gib,gpu_a100,72.9532699584961,3,45980307456,119121600512,149.54000000000002,16.778700421497685,0,7442432,0.66,10.9,2449.9980000000005,0.66259765625,32679134,51854061568,180351229952,0,486020608,208395335680,163036837179,2044006767,,,
2026-07-15T12:22:19.341820+00:00,opt13b_gpu_a100_offload_chat_30gib,gpu_a100,73.96656274795532,3,45980307456,119121600512,149.69,14.803223861883875,0,7442432,0.5,9.0,2449.9980000000005,0.66259765625,32681957,51854061568,180351229952,0,486020608,208395335680,163037022132,2044191720,,,
2026-07-15T12:22:20.354431+00:00,opt13b_gpu_a100_offload_chat_30gib,gpu_a100,74.97969031333923,3,45980307456,119121600512,149.84,14.805638018857497,0,7446528,0.5933333333333334,9.8,2449.9980000000005,0.66259765625,32684868,51854319616,180350971904,0,486020608,208395343872,163037207564,2044377234,,,
2026-07-15T12:22:21.367164+00:00,opt13b_gpu_a100_offload_chat_30gib,gpu_a100,75.99231004714966,3,45980307456,119121600512,149.99,14.813063086926526,0,7446528,0.59,9.9,2449.9980000000005,0.68994140625,32687842,51854319616,180350971904,0,486020608,208395343872,163037391527,2044561279,,,
2026-07-15T12:22:22.379869+00:00,opt13b_gpu_a100_offload_chat_30gib,gpu_a100,77.0050437450409,3,45980307456,119121600512,150.15,15.798822566401865,0,7446528,0.66,8.9,2449.9980000000005,0.68994140625,32690731,51854319616,180350971904,0,486020608,208395343872,163037576683,2044746501,,,
2026-07-15T12:22:23.392205+00:00,opt13b_gpu_a100_offload_chat_30gib,gpu_a100,78.01774859428406,3,45980307456,119121600512,150.3,14.81181808422334,0,7446528,0.53,8.9,2449.9980000000005,0.68994140625,32693641,51854319616,180350971904,0,486020608,208395343872,163037762076,2044931776,,,
2026-07-15T12:22:24.404856+00:00,opt13b_gpu_a100_offload_chat_30gib,gpu_a100,79.03008198738098,3,45980553216,119121600512,150.46,15.805069860485943,0,7446528,0.6933333333333334,10.9,2449.9980000000005,0.68994140625,32696526,51854319616,180350971904,0,486020608,208395343872,163037936069,2045105769,,,
2026-07-15T12:22:25.417939+00:00,opt13b_gpu_a100_offload_chat_30gib,gpu_a100,80.04275345802307,3,45980553216,119121600512,150.61,14.812306295633801,0,7446528,0.5266666666666667,9.8,2449.9980000000005,0.63427734375,32699337,51854319616,180350971904,0,486020608,208395352064,163038109425,2045279155,,,
2026-07-15T12:22:26.430707+00:00,opt13b_gpu_a100_offload_chat_30gib,gpu_a100,81.055832862854,3,45980553216,119121600512,150.75,13.819252403354326,0,7450624,0.5633333333333332,8.0,2449.9980000000005,0.63427734375,32702182,51854319616,180350971904,0,486020608,208395352064,163038279364,2045449176,,,
2026-07-15T12:22:27.443532+00:00,opt13b_gpu_a100_offload_chat_30gib,gpu_a100,82.06856918334961,3,45980553216,119121600512,150.91,15.79878165342159,0,7450624,0.5333333333333333,9.0,2449.9980000000005,0.63427734375,32704903,51854319616,180350971904,0,486020608,208395352064,163038452452,2045622264,,,
2026-07-15T12:22:28.456653+00:00,opt13b_gpu_a100_offload_chat_30gib,gpu_a100,83.0814139842987,3,45980553216,119121600512,151.1,18.759043816185486,0,7450624,0.7266666666666667,14.9,2449.9980000000005,0.63427734375,32707748,51854319616,180350971904,0,486020608,208395352064,163038606640,2045776334,,,
2026-07-15T12:22:29.469971+00:00,opt13b_gpu_a100_offload_chat_30gib,gpu_a100,84.09452605247498,3,45980553216,119121600512,151.26,15.792922128350215,0,7450624,0.53,9.9,2449.9980000000005,0.63427734375,32710418,51854319616,180350971904,0,486020608,208395352064,163038769012,2045938706,,,
2026-07-15T12:22:30.483041+00:00,opt13b_gpu_a100_offload_chat_30gib,gpu_a100,85.10785412788391,3,45980553216,119121600512,151.46,19.736944515161653,0,7450624,0.73,14.9,2449.9980000000005,0.5830078125,32713139,51854319616,180350971904,0,486020608,208395352064,163038922519,2046092187,,,
2026-07-15T12:22:31.496054+00:00,opt13b_gpu_a100_offload_chat_30gib,gpu_a100,86.12091541290283,3,45980553216,119121600512,151.6,13.819499577201944,0,7450624,0.6,8.0,2449.9980000000005,0.5830078125,32716062,51854319616,180350971904,0,486020608,208395360256,163039095647,2046265397,,,
2026-07-15T12:22:32.508729+00:00,opt13b_gpu_a100_offload_chat_30gib,gpu_a100,87.13392615318298,3,45980553216,119121600512,151.73999999999998,13.820189108880417,0,7454720,0.5933333333333334,8.8,2449.9980000000005,0.5830078125,32718911,51854319616,180350971904,0,486020608,208395360256,163039268541,2046438291,,,
2026-07-15T12:22:33.522484+00:00,opt13b_gpu_a100_offload_chat_30gib,gpu_a100,88.14661026000977,3,45980553216,119121600512,151.87,12.83717193976464,0,7458816,0.5633333333333332,7.9,2449.9980000000005,0.5830078125,32721784,51854319616,180350971904,0,486020608,208395360256,163039441813,2046611445,,,
2026-07-15T12:22:34.535628+00:00,opt13b_gpu_a100_offload_chat_30gib,gpu_a100,89.16035199165344,3,45980553216,119121600512,152.02,14.796668156966991,0,7458816,0.5533333333333332,8.7,2449.9980000000005,0.5830078125,32724580,51854319616,180350971904,0,486020608,208395360256,163039610092,2046779724,,,
2026-07-15T12:22:35.548602+00:00,opt13b_gpu_a100_offload_chat_30gib,gpu_a100,90.17349863052368,3,45980553216,119121600512,152.15,12.831311383015452,0,7458816,0.5666666666666667,8.0,2449.9980000000005,0.5361328125,32727390,51854319616,180350971904,0,486020608,208395360256,163039774121,2046943835,,,
2026-07-15T12:22:36.561356+00:00,opt13b_gpu_a100_offload_chat_30gib,gpu_a100,91.18647384643555,3,45980553216,119121600512,152.3,14.807864757577303,0,7458816,0.4966666666666667,8.9,2449.9980000000005,0.5361328125,32730314,51847380992,180357910528,0,486020608,208395360256,163039929902,2047099698,,,
2026-07-15T12:22:37.574500+00:00,opt13b_gpu_a100_offload_chat_30gib,gpu_a100,92.19923210144043,3,45980553216,119121600512,152.44,13.823634545374441,0,7462912,0.56,8.8,2449.9980000000005,0.5361328125,32733137,51847188480,180358103040,0,486020608,208395372544,163040081489,2047251305,,,
2026-07-15T12:22:38.587525+00:00,opt13b_gpu_a100_offload_chat_30gib,gpu_a100,93.21237874031067,3,45980553216,119121600512,152.57,12.831311383015452,0,7462912,0.4966666666666667,7.9,2449.9980000000005,0.5361328125,32735941,51847188480,180358103040,0,486020608,208395372544,163040232921,2047402611,,,
2026-07-15T12:22:39.600542+00:00,opt13b_gpu_a100_offload_chat_30gib,gpu_a100,94.22539973258972,3,45980553216,119121600512,152.70000000000002,12.832902870803817,0,7462912,0.4966666666666667,7.9,2449.9980000000005,0.5361328125,32738826,51847188480,180358103040,0,486020608,208395405312,163040384124,2047553814,,,
2026-07-15T12:22:40.613564+00:00,opt13b_gpu_a100_offload_chat_30gib,gpu_a100,95.2384340763092,3,45980553216,119121600512,152.84,13.819867102033168,0,7462912,0.4633333333333333,7.9,2449.9980000000005,0.4931640625,32741670,51847483392,180357808128,0,486020608,208395405312,163040530473,2047700273,,,
2026-07-15T12:22:41.626506+00:00,opt13b_gpu_a100_offload_chat_30gib,gpu_a100,96.2514398097992,3,45980553216,119121600512,152.96,11.845934927394989,0,7462912,0.4966666666666667,8.9,2449.9980000000005,0.4931640625,32744541,51847483392,180357808128,0,486020608,208395405312,163040662733,2047832615,,,
2026-07-15T12:22:42.639403+00:00,opt13b_gpu_a100_offload_chat_30gib,gpu_a100,97.26437830924988,3,45980553216,119121600512,153.13,16.782855039291967,0,7462912,0.5566666666666666,8.8,2449.9980000000005,0.4931640625,32747514,51847475200,180357816320,0,486020608,208395429888,163040789709,2047959551,,,
2026-07-15T12:22:43.652391+00:00,opt13b_gpu_a100_offload_chat_30gib,gpu_a100,98.27728056907654,3,45980553216,119121600512,153.26000000000002,12.834407144305416,0,7467008,0.4666666666666667,8.0,2449.9980000000005,0.4931640625,32750502,51847475200,180357816320,0,486020608,208395429888,163040902532,2048072248,,,
2026-07-15T12:22:44.665421+00:00,opt13b_gpu_a100_offload_chat_30gib,gpu_a100,99.29025793075562,3,45980553216,119121600512,153.4,13.820644497713856,0,7467008,0.5,8.0,2449.9980000000005,0.4931640625,32753721,51847475200,180357816320,0,486020608,208395429888,163040999117,2048168923,,,
2026-07-15T12:22:45.678567+00:00,opt13b_gpu_a100_offload_chat_30gib,gpu_a100,100.30329728126526,3,45980553216,119121600512,153.55,14.806927285158581,0,7467008,0.6866666666666668,8.8,2449.9980000000005,0.45361328125,32756904,51847475200,180357816320,0,486020608,208395429888,163041091517,2048261323,,,
2026-07-15T12:22:46.691775+00:00,opt13b_gpu_a100_offload_chat_30gib,gpu_a100,101.31644988059998,3,45980553216,119121600512,153.68,12.831235895299436,0,7467008,0.49333333333333335,7.9,2449.9980000000005,0.45361328125,32759929,51847475200,180357816320,0,486020608,208395429888,163041171114,2048341002,,,
2026-07-15T12:22:47.705342+00:00,opt13b_gpu_a100_offload_chat_30gib,gpu_a100,102.32966041564941,3,45980553216,119121600512,153.81,12.830502200971711,0,7467008,0.4633333333333333,7.9,2449.9980000000005,0.45361328125,32763114,51847475200,180357816320,0,486020608,208395429888,163041250657,2048420545,,,
2026-07-15T12:22:48.719199+00:00,opt13b_gpu_a100_offload_chat_30gib,gpu_a100,103.34321975708008,3,45980553216,119121600512,153.95000000000002,13.812708765764155,0,7471104,0.53,8.0,2449.9980000000005,0.45361328125,32766346,51847475200,180357816320,0,486020608,208395442176,163041330386,2048500094,,,
2026-07-15T12:22:49.732336+00:00,opt13b_gpu_a100_offload_chat_30gib,gpu_a100,104.35707497596741,3,45980553216,119121600512,154.07,11.836009497655095,0,7471104,0.5933333333333334,8.8,2449.9980000000005,0.45361328125,32769441,51846950912,180358340608,0,486020608,208395442176,163041410210,2048579944,,,
2026-07-15T12:22:50.745739+00:00,opt13b_gpu_a100_offload_chat_30gib,gpu_a100,105.37021136283875,3,45980553216,119121600512,154.21,13.818475164271632,0,7471104,0.4666666666666667,8.0,2449.9980000000005,0.49755859375,32772495,51846950912,180358340608,0,486020608,208395442176,163041489518,2048659252,,,
2026-07-15T12:22:51.759074+00:00,opt13b_gpu_a100_offload_chat_30gib,gpu_a100,106.38361883163452,3,45980553216,119121600512,154.33,11.841238958165519,0,7471104,0.4966666666666667,8.9,2449.9980000000005,0.49755859375,32775561,51846918144,180358373376,0,486020608,208395442176,163041569473,2048739233,,,
2026-07-15T12:22:52.771859+00:00,opt13b_gpu_a100_offload_chat_30gib,gpu_a100,107.39696073532104,3,45980553216,119121600512,154.48,14.802506385483458,0,7471104,0.4633333333333333,8.9,2449.9980000000005,0.49755859375,32778690,51846914048,180358377472,0,486020608,208395442176,163041648504,2048818264,,,
2026-07-15T12:22:53.784843+00:00,opt13b_gpu_a100_offload_chat_30gib,gpu_a100,108.40975570678711,3,45980553216,119121600512,154.62,13.823133402544322,0,7471104,0.5266666666666667,9.8,2449.9980000000005,0.49755859375,32781665,51846914048,180358377472,0,486020608,208395446272,163041728284,2048897926,,,
2026-07-15T12:22:54.798105+00:00,opt13b_gpu_a100_offload_chat_30gib,gpu_a100,109.42272400856018,3,45980553216,119121600512,154.74,11.846372664372609,0,7475200,0.5266666666666667,8.8,2449.9980000000005,0.49755859375,32784629,51846914048,180358377472,0,486020608,208395446272,163041807554,2048977278,,,
2026-07-15T12:22:55.811097+00:00,opt13b_gpu_a100_offload_chat_30gib,gpu_a100,110.43599510192871,3,45980553216,119121600512,154.89,14.80354082749124,0,7475200,0.62,9.8,2449.9980000000005,0.45751953125,32787482,51846914048,180358377472,0,486020608,208395446272,163041886663,2049056387,,,
2026-07-15T12:22:56.824842+00:00,opt13b_gpu_a100_offload_chat_30gib,gpu_a100,111.44898867607117,3,45980553216,119121600512,155.01000000000002,11.846077118664676,0,7475200,0.56,7.9,2449.9980000000005,0.45751953125,32790570,51846914048,180358377472,0,486020608,208395446272,163041967495,2049137770,,,
2026-07-15T12:22:57.838290+00:00,opt13b_gpu_a100_offload_chat_30gib,gpu_a100,112.46279501914978,3,45980553216,119121600512,155.15,13.80934346641096,0,7475200,0.4633333333333333,8.9,2449.9980000000005,0.45751953125,32793667,51842408448,180362883072,0,486020608,208395446272,163042046982,2049217239,,,
2026-07-15T12:22:58.851047+00:00,opt13b_gpu_a100_offload_chat_30gib,gpu_a100,113.47616624832153,3,45980553216,119121600512,155.21,5.920831209017192,0,7475200,1.38,32.4,2449.9980000000005,0.45751953125,32796186,51141316608,181063974912,0,486020608,208396322816,163042241539,2049411682,,,
2026-07-15T12:22:59.863948+00:00,opt13b_gpu_a100_offload_chat_30gib,gpu_a100,114.48892569541931,3,45980553216,119121600512,155.23000000000002,1.9748026105629901,0,7479296,0.03333333333333333,1.0,2449.9980000000005,0.45751953125,32798132,51141316608,181063974912,0,486020608,208396322816,163042304999,2049475224,,,
