timestamp_utc,run_id,elapsed_s,num_requests_running,num_requests_waiting,gpu_kv_cache_usage_fraction,num_preemptions_total,prompt_tokens_total,generation_tokens_total,request_success_total,time_to_first_token_seconds_count,time_to_first_token_seconds_sum,inter_token_latency_seconds_count,inter_token_latency_seconds_sum,e2e_request_latency_seconds_count,e2e_request_latency_seconds_sum,request_queue_time_seconds_count,request_queue_time_seconds_sum,cpu_kv_cache_usage_fraction,kv_offload_store_bytes_total,kv_offload_store_time_seconds_total,kv_offload_store_operations_total,kv_offload_store_size_bytes_total,kv_offload_load_bytes_total,kv_offload_load_time_seconds_total,kv_offload_load_operations_total,kv_offload_load_size_bytes_total
2026-07-15T12:15:32.927557+00:00,opt13b_gpu_a100_offload_code_30gib,0.013102054595947266,0.0,0.0,0.0,0.0,0.0,0.0,0.0,0.0,0.0,0.0,0.0,0.0,0.0,0.0,0.0,,,,,,,,,
2026-07-15T12:15:33.936385+00:00,opt13b_gpu_a100_offload_code_30gib,1.021928310394287,0.0,0.0,0.0,0.0,0.0,0.0,0.0,0.0,0.0,0.0,0.0,0.0,0.0,0.0,0.0,,,,,,,,,
2026-07-15T12:15:34.943746+00:00,opt13b_gpu_a100_offload_code_30gib,2.0292859077453613,0.0,0.0,0.0,0.0,0.0,0.0,0.0,0.0,0.0,0.0,0.0,0.0,0.0,0.0,0.0,,,,,,,,,
2026-07-15T12:15:35.950831+00:00,opt13b_gpu_a100_offload_code_30gib,3.0363705158233643,0.0,0.0,0.0,0.0,0.0,0.0,0.0,0.0,0.0,0.0,0.0,0.0,0.0,0.0,0.0,,,,,,,,,
2026-07-15T12:15:36.958019+00:00,opt13b_gpu_a100_offload_code_30gib,4.043560028076172,0.0,0.0,0.0,0.0,0.0,0.0,0.0,0.0,0.0,0.0,0.0,0.0,0.0,0.0,0.0,,,,,,,,,
2026-07-15T12:15:37.965745+00:00,opt13b_gpu_a100_offload_code_30gib,5.0512855052948,0.0,0.0,0.0,0.0,0.0,0.0,0.0,0.0,0.0,0.0,0.0,0.0,0.0,0.0,0.0,,,,,,,,,
2026-07-15T12:15:38.973372+00:00,opt13b_gpu_a100_offload_code_30gib,6.058917760848999,0.0,0.0,0.0,0.0,0.0,0.0,0.0,0.0,0.0,0.0,0.0,0.0,0.0,0.0,0.0,,,,,,,,,
2026-07-15T12:15:39.981552+00:00,opt13b_gpu_a100_offload_code_30gib,7.067094564437866,0.0,0.0,0.0,0.0,0.0,0.0,0.0,0.0,0.0,0.0,0.0,0.0,0.0,0.0,0.0,,,,,,,,,
2026-07-15T12:15:40.989539+00:00,opt13b_gpu_a100_offload_code_30gib,8.07508134841919,0.0,0.0,0.0,0.0,0.0,0.0,0.0,0.0,0.0,0.0,0.0,0.0,0.0,0.0,0.0,,,,,,,,,
2026-07-15T12:15:41.997231+00:00,opt13b_gpu_a100_offload_code_30gib,9.08277153968811,0.0,0.0,0.0,0.0,0.0,0.0,0.0,0.0,0.0,0.0,0.0,0.0,0.0,0.0,0.0,,,,,,,,,
2026-07-15T12:15:43.004531+00:00,opt13b_gpu_a100_offload_code_30gib,10.090071678161621,0.0,0.0,0.0,0.0,0.0,0.0,0.0,0.0,0.0,0.0,0.0,0.0,0.0,0.0,0.0,,,,,,,,,
2026-07-15T12:15:44.013022+00:00,opt13b_gpu_a100_offload_code_30gib,11.09856629371643,0.0,0.0,0.0,0.0,0.0,0.0,0.0,0.0,0.0,0.0,0.0,0.0,0.0,0.0,0.0,,,,,,,,,
2026-07-15T12:15:45.020858+00:00,opt13b_gpu_a100_offload_code_30gib,12.106398820877075,0.0,0.0,0.0,0.0,0.0,0.0,0.0,0.0,0.0,0.0,0.0,0.0,0.0,0.0,0.0,,,,,,,,,
2026-07-15T12:15:46.028409+00:00,opt13b_gpu_a100_offload_code_30gib,13.1139497756958,0.0,0.0,0.0,0.0,0.0,0.0,0.0,0.0,0.0,0.0,0.0,0.0,0.0,0.0,0.0,,,,,,,,,
2026-07-15T12:15:47.035828+00:00,opt13b_gpu_a100_offload_code_30gib,14.12136960029602,0.0,0.0,0.0,0.0,0.0,0.0,0.0,0.0,0.0,0.0,0.0,0.0,0.0,0.0,0.0,,,,,,,,,
2026-07-15T12:15:48.043459+00:00,opt13b_gpu_a100_offload_code_30gib,15.129000902175903,0.0,0.0,0.0,0.0,0.0,0.0,0.0,0.0,0.0,0.0,0.0,0.0,0.0,0.0,0.0,,,,,,,,,
2026-07-15T12:15:49.052006+00:00,opt13b_gpu_a100_offload_code_30gib,16.137548208236694,22.0,0.0,0.7910112359550562,0.0,4267.0,27.0,0.0,17.0,7.2796242237091064,10.0,2.597971298997436,0.0,0.0,0.0,0.0,0.09615384615384616,196608000.0,0.008794783592224121,1.0,196608000.0,,,,
2026-07-15T12:15:50.060405+00:00,opt13b_gpu_a100_offload_code_30gib,17.145951509475708,22.0,0.0,0.9393258426966292,0.0,5522.0,907.0,0.0,22.0,11.152437448501587,885.0,27.648815813048714,0.0,0.0,0.0,0.0,0.0015262515262515263,5124915200.0,0.20417865592241288,85.0,5124915200.0,,,,
2026-07-15T12:15:51.068849+00:00,opt13b_gpu_a100_offload_code_30gib,18.154393196105957,21.0,1.0,0.9910112359550561,17.0,5522.0,1738.0,0.0,22.0,11.152437448501587,1716.0,49.704226364985516,0.0,0.0,0.0,0.0,0.0,5754060800.0,0.23172364789247513,133.0,5754060800.0,,,,
2026-07-15T12:15:52.077313+00:00,opt13b_gpu_a100_offload_code_30gib,19.162855863571167,19.0,3.0,0.9932584269662922,49.0,5522.0,2458.0,0.0,22.0,11.152437448501587,2436.0,69.30860015204598,0.0,0.0,0.0,0.0,0.0015262515262515263,6265241600.0,0.2541495679616928,172.0,6265241600.0,,,,
2026-07-15T12:15:53.085586+00:00,opt13b_gpu_a100_offload_code_30gib,20.171128034591675,17.0,5.0,0.9932584269662922,65.0,5522.0,3129.0,0.0,22.0,11.152437448501587,3107.0,87.16617374601265,0.0,0.0,0.0,0.0,0.001221001221001221,6894387200.0,0.2815649278759956,220.0,6894387200.0,,,,
2026-07-15T12:15:54.095251+00:00,opt13b_gpu_a100_offload_code_30gib,21.180792093276978,15.0,7.0,0.9438202247191011,82.0,5522.0,3723.0,0.0,22.0,11.152437448501587,3701.0,103.12959241699355,0.0,0.0,0.0,0.0,0.0,7353139200.0,0.30192688000202184,255.0,7353139200.0,,,,
2026-07-15T12:15:55.104165+00:00,opt13b_gpu_a100_offload_code_30gib,22.189712047576904,14.0,8.0,0.9640449438202248,87.0,5522.0,4289.0,0.0,22.0,11.152437448501587,4267.0,118.06001463502616,0.0,0.0,0.0,0.0,0.001221001221001221,7798784000.0,0.32181536006927497,289.0,7798784000.0,,,,
2026-07-15T12:15:56.113426+00:00,opt13b_gpu_a100_offload_code_30gib,23.198967218399048,13.0,9.0,0.9640449438202248,90.0,5522.0,4812.0,0.0,22.0,11.152437448501587,4790.0,131.80217932602318,0.0,0.0,0.0,0.0,0.0,8257536000.0,0.3423182400465012,324.0,8257536000.0,,,,
2026-07-15T12:15:57.121743+00:00,opt13b_gpu_a100_offload_code_30gib,24.20728611946106,12.0,10.0,0.952808988764045,100.0,5522.0,5280.0,0.0,22.0,11.152437448501587,5258.0,144.37585206500444,0.0,0.0,0.0,0.0,0.0009157509157509158,8598323200.0,0.3575176320075988,350.0,8598323200.0,,,,
2026-07-15T12:15:58.130456+00:00,opt13b_gpu_a100_offload_code_30gib,25.215997219085693,11.0,11.0,0.9370786516853933,111.0,5522.0,5718.0,0.0,22.0,11.152437448501587,5696.0,156.23957317702298,0.0,0.0,0.0,0.0,0.0015262515262515263,8965324800.0,0.3739567999839783,378.0,8965324800.0,,,,
2026-07-15T12:15:59.138928+00:00,opt13b_gpu_a100_offload_code_30gib,26.224477291107178,11.0,11.0,0.9887640449438202,111.0,5522.0,6136.0,0.0,22.0,11.152437448501587,6114.0,167.2267932120012,0.0,0.0,0.0,0.0,0.0,9332326400.0,0.3903973758220672,406.0,9332326400.0,,,,
2026-07-15T12:16:00.147477+00:00,opt13b_gpu_a100_offload_code_30gib,27.23301911354065,10.0,12.0,0.9550561797752809,117.0,5522.0,6529.0,0.0,22.0,11.152437448501587,6507.0,177.62218401300925,0.0,0.0,0.0,0.0,0.0006105006105006105,9633792000.0,0.40383529591560363,429.0,9633792000.0,,,,
2026-07-15T12:16:01.157177+00:00,opt13b_gpu_a100_offload_code_30gib,28.242720127105713,9.0,13.0,0.9101123595505618,122.0,5522.0,6910.0,0.0,22.0,11.152437448501587,6888.0,187.6638636760108,0.0,0.0,0.0,0.0,0.0,9974579200.0,0.41908166396617885,455.0,9974579200.0,,,,
2026-07-15T12:16:02.166858+00:00,opt13b_gpu_a100_offload_code_30gib,29.252399444580078,9.0,13.0,0.9573033707865168,122.0,5522.0,7252.0,0.0,22.0,11.152437448501587,7230.0,196.52081442700728,0.0,0.0,0.0,0.0,0.0006105006105006105,10223616000.0,0.43019311988353726,474.0,10223616000.0,,,,
2026-07-15T12:16:03.175594+00:00,opt13b_gpu_a100_offload_code_30gib,30.261138439178467,8.0,14.0,0.898876404494382,127.0,5522.0,7594.0,0.0,22.0,11.152437448501587,7572.0,205.54730601601477,0.0,0.0,0.0,0.0,0.0009157509157509158,10511974400.0,0.44306678390502935,496.0,10511974400.0,,,,
2026-07-15T12:16:04.185125+00:00,opt13b_gpu_a100_offload_code_30gib,31.27067232131958,8.0,14.0,0.9370786516853933,127.0,5522.0,7906.0,0.0,22.0,11.152437448501587,7884.0,213.5741921520239,0.0,0.0,0.0,0.0,0.00030525030525030525,10761011200.0,0.4542032638788223,515.0,10761011200.0,,,,
2026-07-15T12:16:05.194572+00:00,opt13b_gpu_a100_offload_code_30gib,32.28011393547058,8.0,14.0,0.9820224719101124,127.0,5522.0,8218.0,0.0,22.0,11.152437448501587,8196.0,221.651592240014,0.0,0.0,0.0,0.0,0.00030525030525030525,11023155200.0,0.46596614390611646,535.0,11023155200.0,,,,
2026-07-15T12:16:06.203568+00:00,opt13b_gpu_a100_offload_code_30gib,33.289108991622925,7.0,15.0,0.8966292134831461,130.0,5522.0,8507.0,0.0,22.0,11.152437448501587,8485.0,229.18734450102056,0.0,0.0,0.0,0.0,0.0,11259084800.0,0.4765392639040947,553.0,11259084800.0,,,,
2026-07-15T12:16:07.211753+00:00,opt13b_gpu_a100_offload_code_30gib,34.29729437828064,7.0,15.0,0.9393258426966292,130.0,5522.0,8780.0,0.0,22.0,11.152437448501587,8758.0,236.2857152280194,0.0,0.0,0.0,0.0,0.0006105006105006105,11481907200.0,0.4865316160321235,570.0,11481907200.0,,,,
2026-07-15T12:16:08.219248+00:00,opt13b_gpu_a100_offload_code_30gib,35.30478835105896,7.0,15.0,0.9752808988764045,130.0,5522.0,9053.0,0.0,22.0,11.152437448501587,9031.0,243.41926589001014,0.0,0.0,0.0,0.0,0.0006105006105006105,11691622400.0,0.495951296031475,586.0,11691622400.0,,,,
2026-07-15T12:16:09.227387+00:00,opt13b_gpu_a100_offload_code_30gib,36.31292772293091,6.0,16.0,0.8696629213483146,133.0,5522.0,9304.0,0.0,22.0,11.152437448501587,9282.0,250.03496274502322,0.0,0.0,0.0,0.0,0.0006105006105006105,11901337600.0,0.5053701120018959,602.0,11901337600.0,,,,
2026-07-15T12:16:10.235438+00:00,opt13b_gpu_a100_offload_code_30gib,37.320977210998535,6.0,16.0,0.9011235955056179,133.0,5522.0,9538.0,0.0,22.0,11.152437448501587,9516.0,256.1876101910202,0.0,0.0,0.0,0.0,0.0,12111052800.0,0.5147854400277136,618.0,12111052800.0,,,,
2026-07-15T12:16:11.243097+00:00,opt13b_gpu_a100_offload_code_30gib,38.32863783836365,6.0,16.0,0.9325842696629214,133.0,5522.0,9766.0,0.0,22.0,11.152437448501587,9744.0,262.2130429790159,0.0,0.0,0.0,0.0,0.00030525030525030525,12281446400.0,0.5224345600605009,631.0,12281446400.0,,,,
2026-07-15T12:16:12.250662+00:00,opt13b_gpu_a100_offload_code_30gib,39.3362033367157,6.0,16.0,0.9662921348314607,133.0,5522.0,9994.0,0.0,22.0,11.152437448501587,9972.0,268.26858649101996,0.0,0.0,0.0,0.0,0.00030525030525030525,12478054400.0,0.5312707520127297,646.0,12478054400.0,,,,
2026-07-15T12:16:13.258436+00:00,opt13b_gpu_a100_offload_code_30gib,40.34397649765015,6.0,16.0,0.9955056179775281,133.0,5522.0,10216.0,0.0,22.0,11.152437448501587,10194.0,274.2087962210244,0.0,0.0,0.0,0.0,0.0,12661555200.0,0.53950294393301,660.0,12661555200.0,,,,
2026-07-15T12:16:14.266049+00:00,opt13b_gpu_a100_offload_code_30gib,41.35159778594971,5.0,17.0,0.8606741573033708,138.0,5522.0,10419.0,0.0,22.0,11.152437448501587,10397.0,279.4787696200219,0.0,0.0,0.0,0.0,0.0006105006105006105,12818841600.0,0.5465765759348867,672.0,12818841600.0,,,,
2026-07-15T12:16:15.274559+00:00,opt13b_gpu_a100_offload_code_30gib,42.36010026931763,5.0,17.0,0.8876404494382022,138.0,5522.0,10619.0,0.0,22.0,11.152437448501587,10597.0,284.51534876001824,0.0,0.0,0.0,0.0,0.0,13002342400.0,0.5548255358338353,686.0,13002342400.0,,,,
2026-07-15T12:16:16.282648+00:00,opt13b_gpu_a100_offload_code_30gib,43.36819076538086,5.0,17.0,0.9168539325842696,138.0,5522.0,10819.0,0.0,22.0,11.152437448501587,10797.0,289.57897177000996,0.0,0.0,0.0,0.0,0.0006105006105006105,13146521600.0,0.5613034557700154,697.0,13146521600.0,,,,
2026-07-15T12:16:17.290499+00:00,opt13b_gpu_a100_offload_code_30gib,44.37604093551636,5.0,17.0,0.9438202247191011,138.0,5522.0,11019.0,0.0,22.0,11.152437448501587,10997.0,294.6657769550111,0.0,0.0,0.0,0.0,0.0,13330022400.0,0.5695522238612172,711.0,13330022400.0,,,,
2026-07-15T12:16:18.298764+00:00,opt13b_gpu_a100_offload_code_30gib,45.38430643081665,5.0,17.0,0.9685393258426966,138.0,5522.0,11214.0,0.0,22.0,11.152437448501587,11192.0,299.6415234600172,0.0,0.0,0.0,0.0,0.00030525030525030525,13461094400.0,0.5754656637907025,721.0,13461094400.0,,,,
2026-07-15T12:16:19.307716+00:00,opt13b_gpu_a100_offload_code_30gib,46.39326095581055,5.0,17.0,1.0,138.0,5522.0,11409.0,0.0,22.0,11.152437448501587,11387.0,304.6401485400238,0.0,0.0,0.0,0.0,0.00030525030525030525,13644595200.0,0.5837139198184009,735.0,13644595200.0,,,,
2026-07-15T12:16:20.316527+00:00,opt13b_gpu_a100_offload_code_30gib,47.4020721912384,4.0,18.0,0.8202247191011236,143.0,5522.0,11580.0,0.0,22.0,11.152437448501587,11558.0,308.8701440360128,0.0,0.0,0.0,0.0,0.00030525030525030525,13762560000.0,0.5888226238489147,744.0,13762560000.0,,,,
2026-07-15T12:16:21.324998+00:00,opt13b_gpu_a100_offload_code_30gib,48.41053891181946,4.0,18.0,0.844943820224719,143.0,5522.0,11748.0,0.0,22.0,11.152437448501587,11726.0,312.94656742801817,0.0,0.0,0.0,0.0,0.0,13919846400.0,0.5956383678913111,756.0,13919846400.0,,,,
2026-07-15T12:16:22.333085+00:00,opt13b_gpu_a100_offload_code_30gib,49.41862964630127,4.0,18.0,0.8719101123595505,143.0,5522.0,11912.0,0.0,22.0,11.152437448501587,11890.0,316.9415528000209,0.0,0.0,0.0,0.0,0.0009157509157509158,14037811200.0,0.6007376639246936,765.0,14037811200.0,,,,
2026-07-15T12:16:23.341500+00:00,opt13b_gpu_a100_offload_code_30gib,50.42704200744629,4.0,18.0,0.8898876404494382,143.0,5522.0,12076.0,0.0,22.0,11.152437448501587,12054.0,320.9589642120227,0.0,0.0,0.0,0.0,0.0,14181990400.0,0.606966975867748,776.0,14181990400.0,,,,
2026-07-15T12:16:24.349611+00:00,opt13b_gpu_a100_offload_code_30gib,51.4351532459259,4.0,18.0,0.9168539325842696,143.0,5522.0,12240.0,0.0,22.0,11.152437448501587,12218.0,324.98728099201617,0.0,0.0,0.0,0.0,0.00030525030525030525,14326169600.0,0.6132142078876494,787.0,14326169600.0,,,,
2026-07-15T12:16:25.358308+00:00,opt13b_gpu_a100_offload_code_30gib,52.443857192993164,4.0,18.0,0.9370786516853933,143.0,5522.0,12404.0,0.0,22.0,11.152437448501587,12382.0,329.02812501201333,0.0,0.0,0.0,0.0,0.00030525030525030525,14444134400.0,0.6183273919224737,796.0,14444134400.0,,,,
2026-07-15T12:16:26.366514+00:00,opt13b_gpu_a100_offload_code_30gib,53.45205521583557,4.0,18.0,0.9617977528089887,143.0,5522.0,12568.0,0.0,22.0,11.152437448501587,12546.0,333.09241061602006,0.0,0.0,0.0,0.0,0.0,14601420800.0,0.6251440639495847,808.0,14601420800.0,,,,
2026-07-15T12:16:27.374455+00:00,opt13b_gpu_a100_offload_code_30gib,54.45999503135681,4.0,18.0,0.9820224719101124,143.0,5522.0,12732.0,0.0,22.0,11.152437448501587,12710.0,337.1680706720181,0.0,0.0,0.0,0.0,0.00030525030525030525,14706278400.0,0.6296885439157484,816.0,14706278400.0,,,,
2026-07-15T12:16:28.383314+00:00,opt13b_gpu_a100_offload_code_30gib,55.468855142593384,2.0,19.0,0.503370786516854,146.0,5522.0,12883.0,1.0,22.0,11.152437448501587,12861.0,340.9667245820201,1.0,40.10281157493591,1.0,2.7031001081923023e-05,0.0,14850457600.0,0.6359243519902227,827.0,14850457600.0,,,,
2026-07-15T12:16:29.391851+00:00,opt13b_gpu_a100_offload_code_30gib,56.47739243507385,7.0,11.0,0.9573033707865168,147.0,5522.0,13066.0,4.0,22.0,11.152437448501587,13044.0,496.7851777930082,4.0,161.08495378494263,4.0,0.0012809679974452592,0.00030525030525030525,15007744000.0,0.6429175039529799,839.0,15007744000.0,5347737600.0,0.21731039851903916,8.0,5347737600.0
2026-07-15T12:16:30.400079+00:00,opt13b_gpu_a100_offload_code_30gib,57.485618352890015,7.0,11.0,0.9955056179775281,147.0,5522.0,13332.0,4.0,22.0,11.152437448501587,13310.0,503.82089263301896,4.0,161.08495378494263,4.0,0.0012809679974452592,0.0006105006105006105,15217459200.0,0.6523269119858739,855.0,15217459200.0,5347737600.0,0.21731039851903916,8.0,5347737600.0
2026-07-15T12:16:31.408606+00:00,opt13b_gpu_a100_offload_code_30gib,58.49414658546448,6.0,12.0,0.9280898876404494,150.0,5522.0,13565.0,4.0,22.0,11.152437448501587,13543.0,509.9989251420084,4.0,161.08495378494263,4.0,0.0012809679974452592,0.0006105006105006105,15400960000.0,0.6605541759729381,869.0,15400960000.0,5347737600.0,0.21731039851903916,8.0,5347737600.0
2026-07-15T12:16:32.417156+00:00,opt13b_gpu_a100_offload_code_30gib,59.50269675254822,6.0,12.0,0.9595505617977528,150.0,5522.0,13793.0,4.0,22.0,11.152437448501587,13771.0,516.0274655280264,4.0,161.08495378494263,4.0,0.0012809679974452592,0.00030525030525030525,15597568000.0,0.6693599039912219,884.0,15597568000.0,5347737600.0,0.21731039851903916,8.0,5347737600.0
2026-07-15T12:16:33.425881+00:00,opt13b_gpu_a100_offload_code_30gib,60.51142072677612,6.0,12.0,0.9910112359550561,150.0,5522.0,14021.0,4.0,22.0,11.152437448501587,13999.0,522.0848071140244,4.0,161.08495378494263,4.0,0.0012809679974452592,0.00030525030525030525,15781068800.0,0.6775991359949108,898.0,15781068800.0,5347737600.0,0.21731039851903916,8.0,5347737600.0
2026-07-15T12:16:34.434469+00:00,opt13b_gpu_a100_offload_code_30gib,61.52000880241394,5.0,13.0,0.8966292134831461,151.0,5522.0,14227.0,4.0,22.0,11.152437448501587,14205.0,527.4058802900108,4.0,161.08495378494263,4.0,0.0012809679974452592,0.00030525030525030525,15951462400.0,0.6852383359670635,911.0,15951462400.0,5347737600.0,0.21731039851903916,8.0,5347737600.0
2026-07-15T12:16:35.442981+00:00,opt13b_gpu_a100_offload_code_30gib,62.52853083610535,5.0,13.0,0.9235955056179775,151.0,5522.0,14427.0,4.0,22.0,11.152437448501587,14405.0,532.5146574400096,4.0,161.08495378494263,4.0,0.0012809679974452592,0.00030525030525030525,16108748800.0,0.6922783038616177,923.0,16108748800.0,5347737600.0,0.21731039851903916,8.0,5347737600.0
2026-07-15T12:16:36.451576+00:00,opt13b_gpu_a100_offload_code_30gib,63.53711795806885,5.0,13.0,0.952808988764045,151.0,5522.0,14622.0,4.0,22.0,11.152437448501587,14600.0,537.523805820023,4.0,161.08495378494263,4.0,0.0012809679974452592,0.00030525030525030525,16279142400.0,0.6999234238266941,936.0,16279142400.0,5347737600.0,0.21731039851903916,8.0,5347737600.0
2026-07-15T12:16:37.460937+00:00,opt13b_gpu_a100_offload_code_30gib,64.54647827148438,5.0,13.0,0.9775280898876404,151.0,5522.0,14817.0,4.0,22.0,11.152437448501587,14795.0,542.5490967200167,4.0,161.08495378494263,4.0,0.0012809679974452592,0.0,16436428800.0,0.7069622398018832,948.0,16436428800.0,5347737600.0,0.21731039851903916,8.0,5347737600.0
2026-07-15T12:16:38.470025+00:00,opt13b_gpu_a100_offload_code_30gib,65.55556511878967,6.0,11.0,0.9775280898876404,151.0,5522.0,15010.0,5.0,22.0,11.152437448501587,14988.0,560.1349752950191,5.0,211.04035305976868,5.0,0.0016739869970479049,0.00030525030525030525,16593715200.0,0.7140413758158679,960.0,16593715200.0,6619136000.0,0.26779164546728135,10.0,6619136000.0
2026-07-15T12:16:39.478335+00:00,opt13b_gpu_a100_offload_code_30gib,66.56387615203857,5.0,12.0,0.9056179775280899,153.0,5522.0,15228.0,5.0,22.0,11.152437448501587,15206.0,565.8692860140109,5.0,211.04035305976868,5.0,0.0016739869970479049,0.00030525030525030525,16777216000.0,0.7222720959186548,974.0,16777216000.0,6619136000.0,0.26779164546728135,10.0,6619136000.0
2026-07-15T12:16:40.486026+00:00,opt13b_gpu_a100_offload_code_30gib,67.57156586647034,5.0,12.0,0.9325842696629214,153.0,5522.0,15428.0,5.0,22.0,11.152437448501587,15406.0,570.9812384840079,5.0,211.04035305976868,5.0,0.0016739869970479049,0.00030525030525030525,16934502400.0,0.7293447999954219,986.0,16934502400.0,6619136000.0,0.26779164546728135,10.0,6619136000.0
2026-07-15T12:16:41.494478+00:00,opt13b_gpu_a100_offload_code_30gib,68.5800187587738,5.0,12.0,0.9617977528089887,153.0,5522.0,15623.0,5.0,22.0,11.152437448501587,15601.0,575.9837336540186,5.0,211.04035305976868,5.0,0.0016739869970479049,0.00030525030525030525,17104896000.0,0.7369764799475665,999.0,17104896000.0,6619136000.0,0.26779164546728135,10.0,6619136000.0
2026-07-15T12:16:42.502502+00:00,opt13b_gpu_a100_offload_code_30gib,69.58804297447205,5.0,12.0,0.9865168539325843,153.0,5522.0,15818.0,5.0,22.0,11.152437448501587,15796.0,581.011134144017,5.0,211.04035305976868,5.0,0.0016739869970479049,0.00030525030525030525,17249075200.0,0.7434668160080907,1010.0,17249075200.0,6619136000.0,0.26779164546728135,10.0,6619136000.0
2026-07-15T12:16:43.511021+00:00,opt13b_gpu_a100_offload_code_30gib,70.59656953811646,4.0,13.0,0.9662921348314607,157.0,5522.0,15994.0,5.0,22.0,11.152437448501587,15972.0,585.5599907720098,5.0,211.04035305976868,5.0,0.0016739869970479049,0.0006105006105006105,17406361600.0,0.7503925120234486,1022.0,17406361600.0,7208960000.0,0.29176156467199327,11.0,7208960000.0
2026-07-15T12:16:44.519052+00:00,opt13b_gpu_a100_offload_code_30gib,71.60459494590759,4.0,13.0,0.9865168539325843,157.0,5522.0,16158.0,5.0,22.0,11.152437448501587,16136.0,589.6021738320196,5.0,211.04035305976868,5.0,0.0016739869970479049,0.00030525030525030525,17537433600.0,0.7560672640204426,1032.0,17537433600.0,7208960000.0,0.29176156467199327,11.0,7208960000.0
2026-07-15T12:16:45.527350+00:00,opt13b_gpu_a100_offload_code_30gib,72.61289310455322,6.0,10.0,1.0,157.0,5522.0,16367.0,6.0,22.0,11.152437448501587,16345.0,648.9926849050098,6.0,267.29598808288574,6.0,0.002056854995316826,0.0006105006105006105,17694720000.0,0.7630861440896983,1044.0,17694720000.0,8467251200.0,0.34187257236242297,13.0,8467251200.0
2026-07-15T12:16:46.535556+00:00,opt13b_gpu_a100_offload_code_30gib,73.621098279953,6.0,10.0,0.9707865168539326,163.0,5522.0,16571.0,6.0,22.0,11.152437448501587,16549.0,755.0238509590235,6.0,267.29598808288574,6.0,0.002056854995316826,0.0,17865113600.0,0.7706582080721852,1057.0,17865113600.0,10184294400.0,0.41093308204412465,16.0,10184294400.0
2026-07-15T12:16:47.544116+00:00,opt13b_gpu_a100_offload_code_30gib,74.62965559959412,5.0,11.0,0.9258426966292135,168.0,5522.0,16791.0,6.0,22.0,11.152437448501587,16769.0,760.9000523460054,6.0,267.29598808288574,6.0,0.002056854995316826,0.0,18061721600.0,0.7794360321164128,1072.0,18061721600.0,10184294400.0,0.41093308204412465,16.0,10184294400.0
2026-07-15T12:16:48.552807+00:00,opt13b_gpu_a100_offload_code_30gib,75.63836121559143,5.0,11.0,0.9550561797752809,168.0,5522.0,16986.0,6.0,22.0,11.152437448501587,16964.0,765.9098750410158,6.0,267.29598808288574,6.0,0.002056854995316826,0.00030525030525030525,18219008000.0,0.7864862720370289,1084.0,18219008000.0,10184294400.0,0.41093308204412465,16.0,10184294400.0
2026-07-15T12:16:49.561841+00:00,opt13b_gpu_a100_offload_code_30gib,76.64738488197327,6.0,9.0,0.9595505617977528,173.0,5522.0,17182.0,7.0,22.0,11.152437448501587,17160.0,779.2250128100168,7.0,328.05653285980225,7.0,0.002429682994261384,0.00030525030525030525,18376294400.0,0.7934471040964124,1096.0,18376294400.0,11940659200.0,0.48027304977178575,20.0,11940659200.0
2026-07-15T12:16:50.570574+00:00,opt13b_gpu_a100_offload_code_30gib,77.65611457824707,6.0,9.0,0.9932584269662922,173.0,5522.0,17416.0,7.0,22.0,11.152437448501587,17394.0,785.2963021400028,7.0,328.05653285980225,7.0,0.002429682994261384,0.00030525030525030525,18572902400.0,0.8022690560817715,1111.0,18572902400.0,11940659200.0,0.48027304977178575,20.0,11940659200.0
2026-07-15T12:16:51.579153+00:00,opt13b_gpu_a100_offload_code_30gib,78.66469383239746,6.0,9.0,0.952808988764045,176.0,5522.0,17643.0,7.0,22.0,11.152437448501587,17621.0,849.0834839740055,7.0,328.05653285980225,7.0,0.002429682994261384,0.0,18756403200.0,0.8104798400998111,1125.0,18756403200.0,12582912000.0,0.5064002489447594,21.0,12582912000.0
2026-07-15T12:16:52.587377+00:00,opt13b_gpu_a100_offload_code_30gib,79.67291951179504,8.0,6.0,0.9820224719101124,176.0,5522.0,17877.0,8.0,22.0,11.152437448501587,17855.0,917.1354848280098,8.0,392.06800842285156,8.0,0.0027863609939231537,0.0006105006105006105,18939904000.0,0.8187121600508684,1139.0,18939904000.0,13854310400.0,0.5563007606863977,24.0,13854310400.0
2026-07-15T12:16:53.595764+00:00,opt13b_gpu_a100_offload_code_30gib,80.68130469322205,6.0,8.0,0.9078651685393259,185.0,5522.0,18152.0,8.0,22.0,11.152437448501587,18130.0,924.5880381440038,8.0,392.06800842285156,8.0,0.0027863609939231537,0.010683760683760684,19188940800.0,0.8298225598931307,1158.0,19188940800.0,14181990400.0,0.5696281523108484,25.0,14181990400.0
2026-07-15T12:16:54.604583+00:00,opt13b_gpu_a100_offload_code_30gib,81.69012260437012,7.0,7.0,0.946067415730337,185.0,5522.0,18415.0,8.0,22.0,11.152437448501587,18393.0,992.4496894810181,8.0,392.06800842285156,8.0,0.0027863609939231537,0.0006105006105006105,19385548800.0,0.838639903903007,1173.0,19385548800.0,14627635200.0,0.5880070642828943,26.0,14627635200.0
2026-07-15T12:16:55.613338+00:00,opt13b_gpu_a100_offload_code_30gib,82.69887804985046,9.0,4.0,0.9932584269662922,200.0,5522.0,18695.0,9.0,22.0,11.152437448501587,18673.0,1193.431898331015,9.0,458.87440824508667,9.0,0.0031335489948105533,0.0009157509157509158,19634585600.0,0.8498519678711884,1192.0,19634585600.0,16868966400.0,0.678462551534176,33.0,16868966400.0
2026-07-15T12:16:56.621593+00:00,opt13b_gpu_a100_offload_code_30gib,83.70713376998901,9.0,4.0,0.9483146067415731,205.0,5522.0,19030.0,9.0,22.0,11.152437448501587,19008.0,1203.2884723680181,9.0,458.87440824508667,9.0,0.0031335489948105533,0.00030525030525030525,19909836800.0,0.8621765118837349,1213.0,19909836800.0,17262182400.0,0.6944933037161829,34.0,17262182400.0
2026-07-15T12:16:57.629525+00:00,opt13b_gpu_a100_offload_code_30gib,84.71506381034851,9.0,4.0,1.0,205.0,5522.0,19372.0,9.0,22.0,11.152437448501587,19350.0,1212.3924633810238,9.0,458.87440824508667,9.0,0.0031335489948105533,0.001221001221001221,20171980800.0,0.8738981437087052,1233.0,20171980800.0,17262182400.0,0.6944933037161829,34.0,17262182400.0
2026-07-15T12:16:58.637697+00:00,opt13b_gpu_a100_offload_code_30gib,85.7232358455658,3.0,10.0,0.6764044943820224,215.0,5522.0,19602.0,9.0,22.0,11.152437448501587,19580.0,1218.5099809800158,9.0,458.87440824508667,9.0,0.0031335489948105533,0.00030525030525030525,20394803200.0,0.8838639037013047,1250.0,20394803200.0,18677760000.0,0.750815415799618,38.0,18677760000.0
2026-07-15T12:16:59.645769+00:00,opt13b_gpu_a100_offload_code_30gib,86.73130822181702,9.0,4.0,0.9280898876404494,218.0,5522.0,19949.0,9.0,22.0,11.152437448501587,19927.0,1372.2184925190086,9.0,458.87440824508667,9.0,0.0031335489948105533,0.0015262515262515263,20630732800.0,0.8944159357547753,1268.0,20630732800.0,20237516800.0,0.8122027754187586,41.0,20237516800.0
2026-07-15T12:17:00.654195+00:00,opt13b_gpu_a100_offload_code_30gib,87.73973631858826,9.0,4.0,0.9730337078651685,218.0,5522.0,20291.0,9.0,22.0,11.152437448501587,20269.0,1381.3127862660112,9.0,458.87440824508667,9.0,0.0031335489948105533,0.0006105006105006105,20932198400.0,0.9078608956933012,1291.0,20932198400.0,20237516800.0,0.8122027754187586,41.0,20237516800.0
2026-07-15T12:17:01.662570+00:00,opt13b_gpu_a100_offload_code_30gib,88.74811387062073,7.0,6.0,0.952808988764045,223.0,5522.0,20604.0,9.0,22.0,11.152437448501587,20582.0,1389.7007636030212,9.0,458.87440824508667,9.0,0.0031335489948105533,0.0,21207449600.0,0.9201331518292417,1312.0,21207449600.0,20250624000.0,0.8128046314120295,42.0,20250624000.0
2026-07-15T12:17:02.670671+00:00,opt13b_gpu_a100_offload_code_30gib,89.75621390342712,7.0,6.0,0.9910112359550561,223.0,5522.0,20870.0,9.0,22.0,11.152437448501587,20848.0,1396.6463838930067,9.0,458.87440824508667,9.0,0.0031335489948105533,0.0009157509157509158,21390950400.0,0.9283679038286199,1326.0,21390950400.0,20250624000.0,0.8128046314120295,42.0,20250624000.0
2026-07-15T12:17:03.680811+00:00,opt13b_gpu_a100_offload_code_30gib,90.76635479927063,8.0,5.0,0.9595505617977528,226.0,5522.0,21154.0,9.0,22.0,11.152437448501587,21132.0,1407.6922734120017,9.0,458.87440824508667,9.0,0.0031335489948105533,0.00030525030525030525,21653094400.0,0.9401189758181564,1346.0,21653094400.0,20591411200.0,0.8266767589449885,43.0,20591411200.0
2026-07-15T12:17:04.689723+00:00,opt13b_gpu_a100_offload_code_30gib,91.77526664733887,8.0,5.0,0.9977528089887641,226.0,5522.0,21458.0,9.0,22.0,11.152437448501587,21436.0,1415.7774966040015,9.0,458.87440824508667,9.0,0.0031335489948105533,0.0,21889024000.0,0.95071782362461,1364.0,21889024000.0,20591411200.0,0.8266767589449885,43.0,20591411200.0
2026-07-15T12:17:05.697690+00:00,opt13b_gpu_a100_offload_code_30gib,92.7832396030426,7.0,5.0,1.0,238.0,5522.0,21751.0,10.0,22.0,11.152437448501587,21729.0,1431.2443741570169,10.0,535.3603413105011,10.0,0.0032479609944857657,0.0009157509157509158,22124953600.0,0.961270719766616,1382.0,22124953600.0,23094886400.0,0.9278444405794146,48.0,23094886400.0
2026-07-15T12:17:06.705981+00:00,opt13b_gpu_a100_offload_code_30gib,93.79152154922485,8.0,4.0,0.9707865168539326,247.0,5522.0,22021.0,10.0,22.0,11.152437448501587,21999.0,1455.0716207410187,10.0,535.3603413105011,10.0,0.0032479609944857657,0.0009157509157509158,22347776000.0,0.9712395517230025,1399.0,22347776000.0,25375539200.0,1.0195499421358112,52.0,25375539200.0
2026-07-15T12:17:07.714184+00:00,opt13b_gpu_a100_offload_code_30gib,94.79972434043884,7.0,5.0,0.9191011235955057,251.0,5522.0,22314.0,10.0,22.0,11.152437448501587,22292.0,1462.832103913017,10.0,535.3603413105011,10.0,0.0032479609944857657,0.0,22609920000.0,0.9829925437569607,1419.0,22609920000.0,25375539200.0,1.0195499421358112,52.0,25375539200.0
2026-07-15T12:17:08.722631+00:00,opt13b_gpu_a100_offload_code_30gib,95.80817008018494,7.0,5.0,0.9573033707865168,251.0,5522.0,22587.0,10.0,22.0,11.152437448501587,22565.0,1469.9724316040083,10.0,535.3603413105011,10.0,0.0032479609944857657,0.0009157509157509158,22793420800.0,0.9912398397922505,1433.0,22793420800.0,25375539200.0,1.0195499421358112,52.0,25375539200.0
2026-07-15T12:17:09.730854+00:00,opt13b_gpu_a100_offload_code_30gib,96.81639289855957,7.0,5.0,0.9977528089887641,251.0,5522.0,22853.0,10.0,22.0,11.152437448501587,22831.0,1476.9716432850146,10.0,535.3603413105011,10.0,0.0032479609944857657,0.0006105006105006105,23042457600.0,1.0024527999162662,1452.0,23042457600.0,25375539200.0,1.0195499421358112,52.0,25375539200.0
2026-07-15T12:17:10.739908+00:00,opt13b_gpu_a100_offload_code_30gib,97.82544732093811,6.0,6.0,0.9842696629213483,257.0,5522.0,23092.0,10.0,22.0,11.152437448501587,23070.0,1483.3682319620166,10.0,535.3603413105011,10.0,0.0032479609944857657,0.0,23239065600.0,1.0112503358721723,1467.0,23239065600.0,25886720000.0,1.0403249188661579,53.0,25886720000.0
2026-07-15T12:17:11.748423+00:00,opt13b_gpu_a100_offload_code_30gib,98.8339626789093,6.0,6.0,0.8584269662921349,261.0,5522.0,23312.0,10.0,22.0,11.152437448501587,23290.0,1494.3710536430117,10.0,535.3603413105011,10.0,0.0032479609944857657,0.0006105006105006105,23383244800.0,1.017738943874835,1478.0,23383244800.0,26633830400.0,1.0709303265810015,54.0,26633830400.0
2026-07-15T12:17:12.757340+00:00,opt13b_gpu_a100_offload_code_30gib,99.84288096427917,6.0,6.0,0.8943820224719101,261.0,5522.0,23546.0,10.0,22.0,11.152437448501587,23524.0,1500.4416895130162,10.0,535.3603413105011,10.0,0.0032479609944857657,0.0,23619174400.0,1.028347423851489,1496.0,23619174400.0,26633830400.0,1.0709303265810015,54.0,26633830400.0
2026-07-15T12:17:13.765513+00:00,opt13b_gpu_a100_offload_code_30gib,100.85105443000793,6.0,6.0,0.9235955056179775,261.0,5522.0,23780.0,10.0,22.0,11.152437448501587,23758.0,1506.5523126890075,10.0,535.3603413105011,10.0,0.0032479609944857657,0.00030525030525030525,23776460800.0,1.0354369279146185,1508.0,23776460800.0,26633830400.0,1.0709303265810015,54.0,26633830400.0
2026-07-15T12:17:14.773861+00:00,opt13b_gpu_a100_offload_code_30gib,101.8594000339508,6.0,6.0,0.9617977528089887,261.0,5522.0,24008.0,10.0,22.0,11.152437448501587,23986.0,1512.53617049901,10.0,535.3603413105011,10.0,0.0032479609944857657,0.0006105006105006105,23986176000.0,1.0448496960401525,1524.0,23986176000.0,26633830400.0,1.0709303265810015,54.0,26633830400.0
2026-07-15T12:17:15.781502+00:00,opt13b_gpu_a100_offload_code_30gib,102.86704230308533,6.0,6.0,0.9887640449438202,261.0,5522.0,24236.0,10.0,22.0,11.152437448501587,24214.0,1518.5600376470065,10.0,535.3603413105011,10.0,0.0032479609944857657,0.0,24169676800.0,1.0530684800744048,1538.0,24169676800.0,26633830400.0,1.0709303265810015,54.0,26633830400.0
2026-07-15T12:17:16.789907+00:00,opt13b_gpu_a100_offload_code_30gib,103.87544751167297,5.0,7.0,0.8674157303370786,263.0,5522.0,24445.0,10.0,22.0,11.152437448501587,24423.0,1523.954498443014,10.0,535.3603413105011,10.0,0.0032479609944857657,0.0006105006105006105,24340070400.0,1.0607144640684116,1551.0,24340070400.0,26633830400.0,1.0709303265810015,54.0,26633830400.0
2026-07-15T12:17:17.798022+00:00,opt13b_gpu_a100_offload_code_30gib,104.88356256484985,5.0,7.0,0.8921348314606742,263.0,5522.0,24640.0,10.0,22.0,11.152437448501587,24618.0,1528.921770833018,10.0,535.3603413105011,10.0,0.0032479609944857657,0.0,24510464000.0,1.0683522560596455,1564.0,24510464000.0,26633830400.0,1.0709303265810015,54.0,26633830400.0
2026-07-15T12:17:18.806556+00:00,opt13b_gpu_a100_offload_code_30gib,105.89209651947021,5.0,7.0,0.9235955056179775,263.0,5522.0,24840.0,10.0,22.0,11.152437448501587,24818.0,1534.035963218008,10.0,535.3603413105011,10.0,0.0032479609944857657,0.0009157509157509158,24654643200.0,1.0748312320113171,1575.0,24654643200.0,26633830400.0,1.0709303265810015,54.0,26633830400.0
2026-07-15T12:17:19.814696+00:00,opt13b_gpu_a100_offload_code_30gib,106.9002377986908,5.0,6.0,0.8808988764044944,265.0,5522.0,25023.0,11.0,22.0,11.152437448501587,25001.0,1549.9819046300145,11.0,626.1340618133545,11.0,0.026482479992409935,0.0,24825036800.0,1.0824467840194691,1588.0,24825036800.0,28088729600.0,1.128308664441109,56.0,28088729600.0
2026-07-15T12:17:20.822628+00:00,opt13b_gpu_a100_offload_code_30gib,107.90816879272461,5.0,6.0,0.9078651685393259,265.0,5522.0,25223.0,11.0,22.0,11.152437448501587,25201.0,1555.0784703250174,11.0,626.1340618133545,11.0,0.026482479992409935,0.0006105006105006105,24956108800.0,1.0883373760581005,1598.0,24956108800.0,28088729600.0,1.128308664441109,56.0,28088729600.0
2026-07-15T12:17:21.831104+00:00,opt13b_gpu_a100_offload_code_30gib,108.91664409637451,5.0,6.0,0.9370786516853933,265.0,5522.0,25418.0,11.0,22.0,11.152437448501587,25396.0,1560.0748985250102,11.0,626.1340618133545,11.0,0.026482479992409935,0.0,25152716800.0,1.0971698240637768,1613.0,25152716800.0,28088729600.0,1.128308664441109,56.0,28088729600.0
2026-07-15T12:17:22.839182+00:00,opt13b_gpu_a100_offload_code_30gib,109.92472815513611,5.0,6.0,0.9595505617977528,265.0,5522.0,25613.0,11.0,22.0,11.152437448501587,25591.0,1565.0942598000183,11.0,626.1340618133545,11.0,0.026482479992409935,0.0,25283788800.0,1.1030537920594201,1623.0,25283788800.0,28088729600.0,1.128308664441109,56.0,28088729600.0
2026-07-15T12:17:23.847561+00:00,opt13b_gpu_a100_offload_code_30gib,110.93310236930847,5.0,6.0,0.9932584269662922,265.0,5522.0,25808.0,11.0,22.0,11.152437448501587,25786.0,1570.1305727150175,11.0,626.1340618133545,11.0,0.026482479992409935,0.00030525030525030525,25467289600.0,1.1112744640111905,1637.0,25467289600.0,28088729600.0,1.128308664441109,56.0,28088729600.0
2026-07-15T12:17:24.856518+00:00,opt13b_gpu_a100_offload_code_30gib,111.942058801651,4.0,7.0,0.9011235955056179,269.0,5522.0,25978.0,11.0,22.0,11.152437448501587,25956.0,1574.4766491010196,11.0,626.1340618133545,11.0,0.026482479992409935,0.0,25598361600.0,1.1169760000109654,1647.0,25598361600.0,28901376000.0,1.1613360234498982,57.0,28901376000.0
2026-07-15T12:17:25.864904+00:00,opt13b_gpu_a100_offload_code_30gib,112.95044445991516,4.0,7.0,0.9280898876404494,269.0,5522.0,26146.0,11.0,22.0,11.152437448501587,26124.0,1578.532794285009,11.0,626.1340618133545,11.0,0.026482479992409935,0.0,25755648000.0,1.123793728113173,1659.0,25755648000.0,28901376000.0,1.1613360234498982,57.0,28901376000.0
2026-07-15T12:17:26.873343+00:00,opt13b_gpu_a100_offload_code_30gib,113.95888423919678,4.0,7.0,0.950561797752809,269.0,5522.0,26314.0,11.0,22.0,11.152437448501587,26292.0,1582.6119829210184,11.0,626.1340618133545,11.0,0.026482479992409935,0.0006105006105006105,25860505600.0,1.1283317761421185,1667.0,25860505600.0,28901376000.0,1.1613360234498982,57.0,28901376000.0
2026-07-15T12:17:27.881580+00:00,opt13b_gpu_a100_offload_code_30gib,114.96712040901184,4.0,7.0,0.9730337078651685,269.0,5522.0,26478.0,11.0,22.0,11.152437448501587,26456.0,1586.607033801014,11.0,626.1340618133545,11.0,0.026482479992409935,0.0,26017792000.0,1.1351563201546648,1679.0,26017792000.0,28901376000.0,1.1613360234498982,57.0,28901376000.0
2026-07-15T12:17:28.890425+00:00,opt13b_gpu_a100_offload_code_30gib,115.97596502304077,4.0,7.0,0.9977528089887641,269.0,5522.0,26642.0,11.0,22.0,11.152437448501587,26620.0,1590.6132020890182,11.0,626.1340618133545,11.0,0.026482479992409935,0.00030525030525030525,26148864000.0,1.1408350722193696,1689.0,26148864000.0,28901376000.0,1.1613360234498982,57.0,28901376000.0
2026-07-15T12:17:29.898826+00:00,opt13b_gpu_a100_offload_code_30gib,116.98437166213989,4.0,6.0,0.7887640449438202,273.0,5522.0,26793.0,12.0,22.0,11.152437448501587,26771.0,1610.0141481770079,12.0,727.3904592990875,12.0,0.049736628992832266,0.0,26266828800.0,1.1459625601768473,1698.0,26266828800.0,30526668800.0,1.2276832538843159,59.0,30526668800.0
2026-07-15T12:17:30.908258+00:00,opt13b_gpu_a100_offload_code_30gib,117.99380230903625,4.0,6.0,0.8134831460674157,273.0,5522.0,26957.0,12.0,22.0,11.152437448501587,26935.0,1614.0253541010134,12.0,727.3904592990875,12.0,0.049736628992832266,0.0006105006105006105,26384793600.0,1.1510685441493964,1707.0,26384793600.0,30526668800.0,1.2276832538843159,59.0,30526668800.0
2026-07-15T12:17:31.916554+00:00,opt13b_gpu_a100_offload_code_30gib,119.00209307670593,4.0,6.0,0.8337078651685393,273.0,5522.0,27125.0,12.0,22.0,11.152437448501587,27103.0,1618.1381871010199,12.0,727.3904592990875,12.0,0.049736628992832266,0.0,26528972800.0,1.1573308482170084,1718.0,26528972800.0,30526668800.0,1.2276832538843159,59.0,30526668800.0
2026-07-15T12:17:32.925465+00:00,opt13b_gpu_a100_offload_code_30gib,120.01100444793701,5.0,4.0,0.9550561797752809,273.0,5522.0,27294.0,13.0,22.0,11.152437448501587,27272.0,1646.8697955880198,13.0,831.2854557037354,13.0,0.3133328249932674,0.0009157509157509158,26660044800.0,1.1631207363009433,1728.0,26660044800.0,32505856000.0,1.3063981319665912,61.0,32505856000.0
2026-07-15T12:17:33.933855+00:00,opt13b_gpu_a100_offload_code_30gib,121.01940107345581,5.0,4.0,0.9797752808988764,273.0,5522.0,27489.0,13.0,22.0,11.152437448501587,27467.0,1651.897795213019,13.0,831.2854557037354,13.0,0.3133328249932674,0.0,26843545600.0,1.1713051524162275,1742.0,26843545600.0,32505856000.0,1.3063981319665912,61.0,32505856000.0
2026-07-15T12:17:34.941943+00:00,opt13b_gpu_a100_offload_code_30gib,122.02748250961304,3.0,6.0,0.9303370786516854,278.0,5522.0,27652.0,13.0,22.0,11.152437448501587,27630.0,1656.2659089420085,13.0,831.2854557037354,13.0,0.3133328249932674,0.0,26974617600.0,1.1771743683218936,1752.0,26974617600.0,34786508800.0,1.3967809492349628,65.0,34786508800.0
2026-07-15T12:17:35.950310+00:00,opt13b_gpu_a100_offload_code_30gib,123.03585243225098,3.0,6.0,0.950561797752809,278.0,5522.0,27778.0,13.0,22.0,11.152437448501587,27756.0,1659.2689753950144,13.0,831.2854557037354,13.0,0.3133328249932674,0.0,27092582400.0,1.1822761923074705,1761.0,27092582400.0,34786508800.0,1.3967809492349628,65.0,34786508800.0
2026-07-15T12:17:36.959040+00:00,opt13b_gpu_a100_offload_code_30gib,124.0445818901062,3.0,6.0,0.9685393258426966,278.0,5522.0,27904.0,13.0,22.0,11.152437448501587,27882.0,1662.2754393360083,13.0,831.2854557037354,13.0,0.3133328249932674,0.00030525030525030525,27184332800.0,1.1862292802929864,1768.0,27184332800.0,34786508800.0,1.3967809492349628,65.0,34786508800.0
2026-07-15T12:17:37.967568+00:00,opt13b_gpu_a100_offload_code_30gib,125.05310988426208,3.0,5.0,0.950561797752809,278.0,5522.0,28025.0,14.0,22.0,11.152437448501587,28003.0,1667.8478768540117,14.0,940.1286449432373,14.0,0.3365351629909128,0.0,27276083200.0,1.1901864963173852,1775.0,27276083200.0,35887513600.0,1.4413574949502947,66.0,35887513600.0
2026-07-15T12:17:38.975767+00:00,opt13b_gpu_a100_offload_code_30gib,126.06130599975586,3.0,5.0,0.9707865168539326,278.0,5522.0,28154.0,14.0,22.0,11.152437448501587,28132.0,1670.9047522970104,14.0,940.1286449432373,14.0,0.3365351629909128,0.0,27394048000.0,1.195280608296393,1784.0,27394048000.0,35887513600.0,1.4413574949502947,66.0,35887513600.0
2026-07-15T12:17:39.984283+00:00,opt13b_gpu_a100_offload_code_30gib,127.0698230266571,3.0,5.0,0.9887640449438202,278.0,5522.0,28280.0,14.0,22.0,11.152437448501587,28258.0,1673.8949372630086,14.0,940.1286449432373,14.0,0.3365351629909128,0.00030525030525030525,27485798400.0,1.1992376643419251,1791.0,27485798400.0,35887513600.0,1.4413574949502947,66.0,35887513600.0
2026-07-15T12:17:40.992800+00:00,opt13b_gpu_a100_offload_code_30gib,128.0783405303955,6.0,2.0,0.8606741573033708,280.0,5522.0,28421.0,14.0,22.0,11.152437448501587,28399.0,1829.9128418920081,14.0,940.1286449432373,14.0,0.3365351629909128,0.00030525030525030525,27616870400.0,1.2049717442989336,1801.0,27616870400.0,37289984000.0,1.4980023275613787,67.0,37289984000.0
2026-07-15T12:17:42.001318+00:00,opt13b_gpu_a100_offload_code_30gib,129.08685874938965,6.0,2.0,0.8876404494382022,280.0,5522.0,28655.0,14.0,22.0,11.152437448501587,28633.0,1836.000882724009,14.0,940.1286449432373,14.0,0.3365351629909128,0.0,27787264000.0,1.2126268163919436,1814.0,27787264000.0,37289984000.0,1.4980023275613787,67.0,37289984000.0
2026-07-15T12:17:43.009872+00:00,opt13b_gpu_a100_offload_code_30gib,130.09541177749634,6.0,1.0,0.8359550561797753,280.0,5522.0,28885.0,15.0,22.0,11.152437448501587,28863.0,1844.0965386069984,15.0,1054.56307387352,15.0,0.3597786819882458,0.0,28010086400.0,1.2226172803044306,1831.0,28010086400.0,37722521600.0,1.5157428079843525,68.0,37722521600.0
2026-07-15T12:17:44.018719+00:00,opt13b_gpu_a100_offload_code_30gib,131.10426020622253,6.0,1.0,0.8651685393258427,280.0,5522.0,29119.0,15.0,22.0,11.152437448501587,29097.0,1850.1361392610088,15.0,1054.56307387352,15.0,0.3597786819882458,0.0,28180480000.0,1.2302542082667338,1844.0,28180480000.0,37722521600.0,1.5157428079843525,68.0,37722521600.0
2026-07-15T12:17:45.028306+00:00,opt13b_gpu_a100_offload_code_30gib,132.11385083198547,6.0,1.0,0.9033707865168539,280.0,5522.0,29347.0,15.0,22.0,11.152437448501587,29325.0,1856.095287445005,15.0,1054.56307387352,15.0,0.3597786819882458,0.001221001221001221,28350873600.0,1.237910176277159,1857.0,28350873600.0,37722521600.0,1.5157428079843525,68.0,37722521600.0
2026-07-15T12:17:46.036231+00:00,opt13b_gpu_a100_offload_code_30gib,133.12177348136902,6.0,1.0,0.9325842696629214,280.0,5522.0,29581.0,15.0,22.0,11.152437448501587,29559.0,1862.221289773017,15.0,1054.56307387352,15.0,0.3597786819882458,0.0,28573696000.0,1.2478949763774851,1874.0,28573696000.0,37722521600.0,1.5157428079843525,68.0,37722521600.0
2026-07-15T12:17:47.044058+00:00,opt13b_gpu_a100_offload_code_30gib,134.12959909439087,6.0,1.0,0.9617977528089887,280.0,5522.0,29809.0,15.0,22.0,11.152437448501587,29787.0,1868.227496599011,15.0,1054.56307387352,15.0,0.3597786819882458,0.00030525030525030525,28730982400.0,1.2549547524452194,1886.0,28730982400.0,37722521600.0,1.5157428079843525,68.0,37722521600.0
2026-07-15T12:17:48.052231+00:00,opt13b_gpu_a100_offload_code_30gib,135.1377727985382,6.0,1.0,0.9977528089887641,280.0,5522.0,30037.0,15.0,22.0,11.152437448501587,30015.0,1874.2881453190166,15.0,1054.56307387352,15.0,0.3597786819882458,0.0,28953804800.0,1.2649507204890236,1903.0,28953804800.0,37722521600.0,1.5157428079843525,68.0,37722521600.0
2026-07-15T12:17:49.060007+00:00,opt13b_gpu_a100_offload_code_30gib,136.1455478668213,4.0,2.0,0.7685393258426967,281.0,5522.0,30244.0,16.0,22.0,11.152437448501587,30222.0,1879.5942206080108,16.0,1175.2842299938202,16.0,0.3829733399870747,0.0027472527472527475,29097984000.0,1.2713975045680985,1914.0,29097984000.0,37722521600.0,1.5157428079843525,68.0,37722521600.0
2026-07-15T12:17:50.068221+00:00,opt13b_gpu_a100_offload_code_30gib,137.15376210212708,5.0,1.0,0.802247191011236,281.0,5522.0,30442.0,16.0,22.0,11.152437448501587,30420.0,1885.3650289620055,16.0,1175.2842299938202,16.0,0.3829733399870747,0.0,29281484800.0,1.279622336566447,1928.0,29281484800.0,37840486400.0,1.5206651440858845,69.0,37840486400.0
2026-07-15T12:17:51.076400+00:00,opt13b_gpu_a100_offload_code_30gib,138.16194081306458,5.0,1.0,0.8269662921348315,281.0,5522.0,30642.0,16.0,22.0,11.152437448501587,30620.0,1890.3934838520036,16.0,1175.2842299938202,16.0,0.3829733399870747,0.0,29425664000.0,1.2860877445340144,1939.0,29425664000.0,37840486400.0,1.5206651440858845,69.0,37840486400.0
2026-07-15T12:17:52.084627+00:00,opt13b_gpu_a100_offload_code_30gib,139.17016983032227,5.0,1.0,0.8584269662921349,281.0,5522.0,30842.0,16.0,22.0,11.152437448501587,30820.0,1895.4468035570062,16.0,1175.2842299938202,16.0,0.3829733399870747,0.0,29609164800.0,1.2943166084885585,1953.0,29609164800.0,37840486400.0,1.5206651440858845,69.0,37840486400.0
2026-07-15T12:17:53.093333+00:00,opt13b_gpu_a100_offload_code_30gib,140.1788740158081,5.0,1.0,0.8831460674157303,281.0,5522.0,31042.0,16.0,22.0,11.152437448501587,31020.0,1900.5191981520147,16.0,1175.2842299938202,16.0,0.3829733399870747,0.0,29753344000.0,1.3008050885200488,1964.0,29753344000.0,37840486400.0,1.5206651440858845,69.0,37840486400.0
2026-07-15T12:17:54.101822+00:00,opt13b_gpu_a100_offload_code_30gib,141.1873652935028,5.0,1.0,0.9146067415730337,281.0,5522.0,31237.0,16.0,22.0,11.152437448501587,31215.0,1905.4871421169992,16.0,1175.2842299938202,16.0,0.3829733399870747,0.0,29936844800.0,1.3090542724728573,1978.0,29936844800.0,37840486400.0,1.5206651440858845,69.0,37840486400.0
2026-07-15T12:17:55.109600+00:00,opt13b_gpu_a100_offload_code_30gib,142.19514155387878,5.0,1.0,0.9393258426966292,281.0,5522.0,31437.0,16.0,22.0,11.152437448501587,31415.0,1910.6062811820084,16.0,1175.2842299938202,16.0,0.3829733399870747,0.0,30081024000.0,1.3155117444396005,1989.0,30081024000.0,37840486400.0,1.5206651440858845,69.0,37840486400.0
2026-07-15T12:17:56.117779+00:00,opt13b_gpu_a100_offload_code_30gib,143.20332145690918,5.0,1.0,0.9707865168539326,281.0,5522.0,31632.0,16.0,22.0,11.152437448501587,31610.0,1915.6181831470167,16.0,1175.2842299938202,16.0,0.3829733399870747,0.0,30264524800.0,1.3237523525357233,2003.0,30264524800.0,37840486400.0,1.5206651440858845,69.0,37840486400.0
2026-07-15T12:17:57.126453+00:00,opt13b_gpu_a100_offload_code_30gib,144.21199560165405,5.0,1.0,0.9955056179775281,281.0,5522.0,31827.0,16.0,22.0,11.152437448501587,31805.0,1920.6500759220035,16.0,1175.2842299938202,16.0,0.3829733399870747,0.0,30408704000.0,1.3302325764894471,2014.0,30408704000.0,37840486400.0,1.5206651440858845,69.0,37840486400.0
2026-07-15T12:17:58.134837+00:00,opt13b_gpu_a100_offload_code_30gib,145.22037768363953,4.0,2.0,0.7842696629213484,285.0,5522.0,31994.0,16.0,22.0,11.152437448501587,31972.0,1924.8370661450099,16.0,1175.2842299938202,16.0,0.3829733399870747,0.0006105006105006105,30539776000.0,1.3358923525214181,2024.0,30539776000.0,37840486400.0,1.5206651440858845,69.0,37840486400.0
2026-07-15T12:17:59.144092+00:00,opt13b_gpu_a100_offload_code_30gib,146.2296323776245,4.0,2.0,0.8044943820224719,285.0,5522.0,32158.0,16.0,22.0,11.152437448501587,32136.0,1928.8464953130097,16.0,1175.2842299938202,16.0,0.3829733399870747,0.0,30683955200.0,1.3421152644753442,2035.0,30683955200.0,37840486400.0,1.5206651440858845,69.0,37840486400.0
2026-07-15T12:18:00.152688+00:00,opt13b_gpu_a100_offload_code_30gib,147.23823046684265,4.0,2.0,0.8292134831460674,285.0,5522.0,32326.0,16.0,22.0,11.152437448501587,32304.0,1932.9660704370108,16.0,1175.2842299938202,16.0,0.3829733399870747,0.0,30828134400.0,1.3483497604727732,2046.0,30828134400.0,37840486400.0,1.5206651440858845,69.0,37840486400.0
2026-07-15T12:18:01.160919+00:00,opt13b_gpu_a100_offload_code_30gib,148.24646711349487,4.0,1.0,0.8359550561797753,285.0,5522.0,32486.0,17.0,22.0,11.152437448501587,32464.0,1940.7607819450022,17.0,1308.0333440303802,17.0,0.40619920798417297,0.0,30946099200.0,1.3534600003957733,2055.0,30946099200.0,38338560000.0,1.541002840161324,70.0,38338560000.0
2026-07-15T12:18:02.169449+00:00,opt13b_gpu_a100_offload_code_30gib,149.2549901008606,4.0,1.0,0.8606741573033708,285.0,5522.0,32650.0,17.0,22.0,11.152437448501587,32628.0,1944.7882700930022,17.0,1308.0333440303802,17.0,0.40619920798417297,0.00030525030525030525,31077171200.0,1.3591365444064125,2065.0,31077171200.0,38338560000.0,1.541002840161324,70.0,38338560000.0
2026-07-15T12:18:03.177617+00:00,opt13b_gpu_a100_offload_code_30gib,150.26316285133362,4.0,1.0,0.8853932584269663,285.0,5522.0,32814.0,17.0,22.0,11.152437448501587,32792.0,1948.8269893690122,17.0,1308.0333440303802,17.0,0.40619920798417297,0.0006105006105006105,31208243200.0,1.3648080964088425,2075.0,31208243200.0,38338560000.0,1.541002840161324,70.0,38338560000.0
2026-07-15T12:18:04.186027+00:00,opt13b_gpu_a100_offload_code_30gib,151.27157044410706,4.0,0.0,0.8921348314606742,285.0,5522.0,32965.0,18.0,22.0,11.152437448501587,32943.0,1975.837691007011,18.0,1443.4631731510162,18.0,0.6697878339837189,0.00030525030525030525,31326208000.0,1.369917408406733,2084.0,31326208000.0,39727923200.0,1.5976847592592245,71.0,39727923200.0
2026-07-15T12:18:05.194628+00:00,opt13b_gpu_a100_offload_code_30gib,152.28016901016235,4.0,0.0,0.9168539325842696,285.0,5522.0,33129.0,18.0,22.0,11.152437448501587,33107.0,1979.8845859990142,18.0,1443.4631731510162,18.0,0.6697878339837189,0.0006105006105006105,31457280000.0,1.3756047044396384,2094.0,31457280000.0,39727923200.0,1.5976847592592245,71.0,39727923200.0
2026-07-15T12:18:06.202587+00:00,opt13b_gpu_a100_offload_code_30gib,153.28812623023987,3.0,0.0,0.6853932584269663,285.0,5522.0,33287.0,19.0,22.0,11.152437448501587,33265.0,1983.779332221009,19.0,1581.2210562229156,19.0,0.9333682799842791,0.0,31601459200.0,1.381851072549818,2105.0,31601459200.0,39727923200.0,1.5976847592592245,71.0,39727923200.0
2026-07-15T12:18:07.211035+00:00,opt13b_gpu_a100_offload_code_30gib,154.2965817451477,3.0,0.0,0.7033707865168539,285.0,5522.0,33413.0,19.0,22.0,11.152437448501587,33391.0,1986.8080615080144,19.0,1581.2210562229156,19.0,0.9333682799842791,0.0,31706316800.0,1.3863841925263387,2113.0,31706316800.0,39727923200.0,1.5976847592592245,71.0,39727923200.0
2026-07-15T12:18:08.220525+00:00,opt13b_gpu_a100_offload_code_30gib,155.30606698989868,2.0,0.0,0.46292134831460674,285.0,5522.0,33512.0,20.0,22.0,11.152437448501587,33490.0,1989.1148886710107,20.0,1720.4459202289581,20.0,0.9565861679839145,0.0,31771852800.0,1.3892114245891554,2118.0,31771852800.0,39727923200.0,1.5976847592592245,71.0,39727923200.0
2026-07-15T12:18:09.228835+00:00,opt13b_gpu_a100_offload_code_30gib,156.31437492370605,2.0,0.0,0.4764044943820225,285.0,5522.0,33602.0,20.0,22.0,11.152437448501587,33580.0,1991.170430899012,20.0,1720.4459202289581,20.0,0.9565861679839145,0.0,31850496000.0,1.3925967685580236,2124.0,31850496000.0,39727923200.0,1.5976847592592245,71.0,39727923200.0
2026-07-15T12:18:10.237306+00:00,opt13b_gpu_a100_offload_code_30gib,157.322851896286,2.0,0.0,0.4898876404494382,285.0,5522.0,33690.0,20.0,22.0,11.152437448501587,33668.0,1993.1821125050083,20.0,1720.4459202289581,20.0,0.9565861679839145,0.0,31929139200.0,1.3960073605775816,2130.0,31929139200.0,39727923200.0,1.5976847592592245,71.0,39727923200.0
2026-07-15T12:18:11.245603+00:00,opt13b_gpu_a100_offload_code_30gib,158.33114337921143,1.0,0.0,0.24494382022471906,285.0,5522.0,33737.0,21.0,22.0,11.152437448501587,33715.0,1994.2630858710108,21.0,1862.4573333263397,21.0,0.979796235984395,0.0,31968460800.0,1.3977689605951293,2133.0,31968460800.0,39727923200.0,1.5976847592592245,71.0,39727923200.0
2026-07-15T12:18:12.254184+00:00,opt13b_gpu_a100_offload_code_30gib,159.33972668647766,1.0,0.0,0.24943820224719104,285.0,5522.0,33780.0,21.0,22.0,11.152437448501587,33758.0,1995.2533425190086,21.0,1862.4573333263397,21.0,0.979796235984395,0.0,31994675200.0,1.3989464966058716,2135.0,31994675200.0,39727923200.0,1.5976847592592245,71.0,39727923200.0
2026-07-15T12:18:13.263109+00:00,opt13b_gpu_a100_offload_code_30gib,160.34865522384644,0.0,0.0,0.0,285.0,5522.0,33792.0,22.0,22.0,11.152437448501587,33770.0,1995.529852363008,22.0,2006.6774802207947,22.0,1.2433677019835159,0.0,32007782400.0,1.3995312005877478,2136.0,32007782400.0,39727923200.0,1.5976847592592245,71.0,39727923200.0
